Pop04;PopChange;MedAge;MedIncome;MedHVal;MedRent;Unemployment;CostOfLiving;HispRate;AsianRate;BlackRate;AmerIndRate;LandArea;URL;CrawledTime;DbId;Year;TrueURL;City;Spalte1
34284;7.8;44.1;38148;93464;633;6.5;92.2;16.0;1.0;1.0;0.0;34.2 ;http://web.archive.org/web/20111213165809/http://www.city-data.com:80/city/Apache-Junction-Arizona.html;18.12.2016 22:29;1;2012;http://www.city-data.com/city/Apache-Junction-Arizona.html;APACHE JUNCTION, AZ;APACHE JUNCTION, AZ2012
35840;12.7;47.5;38148;93464;633;6.5;91.8;14.4;0.7;1.1;0.9;34.2 ;http://web.archive.org/web/20130111222659/http://www.city-data.com:80/city/Apache-Junction-Arizona.html;18.12.2016 22:29;2;2013;http://www.city-data.com/city/Apache-Junction-Arizona.html;APACHE JUNCTION, AZ;APACHE JUNCTION, AZ2013
36613;15.1;47.5;34459;73768;723;12.6;91.3;16.4;1.1;1.3;0.6;34.2 ;http://web.archive.org/web/20131123035644/http://www.city-data.com:80/city/Apache-Junction-Arizona.html;18.12.2016 22:29;3;2014;http://www.city-data.com/city/Apache-Junction-Arizona.html;APACHE JUNCTION, AZ;APACHE JUNCTION, AZ2014
36613;15.1;47.5;38662;83401;734;15.4;91.3;15.6;0.6;0.9;0.8;34.2 ;http://web.archive.org/web/20141228035830/http://www.city-data.com:80/city/Apache-Junction-Arizona.html;18.12.2016 22:29;4;2015;http://www.city-data.com/city/Apache-Junction-Arizona.html;APACHE JUNCTION, AZ;APACHE JUNCTION, AZ2015
84914;136.6;29.0;58159;157400;1180;4.3;92.9;52.7;3.5;8.5;0.0;41.3 ;http://web.archive.org/web/20111216232431/http://www.city-data.com:80/city/Avondale-Arizona.html;18.12.2016 22:29;5;2012;http://www.city-data.com/city/Avondale-Arizona.html;AVONDALE, AZ;AVONDALE, AZ2012
76392;112.9;28.6;58159;157400;1180;4.3;92.5;50.3;3.3;8.7;1.0;41.3 ;http://web.archive.org/web/20130128125932/http://www.city-data.com/city/Avondale-Arizona.html;18.12.2016 22:29;6;2013;http://www.city-data.com/city/Avondale-Arizona.html;AVONDALE, AZ;AVONDALE, AZ2013
78256;118.1;28.6;51363;115400;1028;4.3;91.6;50.3;3.3;8.7;1.0;41.3 ;http://web.archive.org/web/20140109065454/http://www.city-data.com:80/city/Avondale-Arizona.html;18.12.2016 22:29;7;2014;http://www.city-data.com/city/Avondale-Arizona.html;AVONDALE, AZ;AVONDALE, AZ2014
78256;118.1;28.1;51237;117600;1012;9.9;91.3;55.5;3.5;11.3;0.6;41.3 ;http://web.archive.org/web/20141231053610/http://www.city-data.com:80/city/Avondale-Arizona.html;18.12.2016 22:29;8;2015;http://www.city-data.com/city/Avondale-Arizona.html;AVONDALE, AZ;AVONDALE, AZ2015
31545;-6.0;42.1;59249;158298;777;3.5;96.4;0.5;1.6;1.2;0.0;11.7 ;http://web.archive.org/web/20111221222436/http://www.city-data.com:80/city/Bethel-Park-Pennsylvania.html;18.12.2016 22:29;9;2012;http://www.city-data.com/city/Bethel-Park-Pennsylvania.html;BETHEL PARK, PA;BETHEL PARK, PA2012
32321;-3.7;46.1;59249;158298;777;3.5;96.5;1.0;1.4;1.2;0.03;11.7 ;http://web.archive.org/web/20130128042244/http://www.city-data.com/city/Bethel-Park-Pennsylvania.html;18.12.2016 22:29;10;2013;http://www.city-data.com/city/Bethel-Park-Pennsylvania.html;BETHEL PARK, PA;BETHEL PARK, PA2013
32321;-3.7;46.1;59249;158298;777;3.5;96.5;1.0;1.4;1.2;0.03;11.7 ;http://web.archive.org/web/20130512030240/http://www.city-data.com:80/city/Bethel-Park-Pennsylvania.html;18.12.2016 22:29;11;2014;http://www.city-data.com/city/Bethel-Park-Pennsylvania.html;BETHEL PARK, PA;BETHEL PARK, PA2014
32374;-3.5;46.1;68472;156859;856;6.0;96.8;1.0;1.5;1.5;0.1;11.7 ;http://web.archive.org/web/20150211073759/http://www.city-data.com:80/city/Bethel-Park-Pennsylvania.html;18.12.2016 22:29;12;2015;http://www.city-data.com/city/Bethel-Park-Pennsylvania.html;BETHEL PARK, PA;BETHEL PARK, PA2015
3385;0.0;47.4;31121;149878;536;5.0;86.4;5.2;0.0;0.0;0.0;20.0 ;http://web.archive.org/web/20111227181535/http://www.city-data.com:80/city/Black-Canyon-City-Arizona.html;18.12.2016 22:29;13;2012;http://www.city-data.com/city/Black-Canyon-City-Arizona.html;BLACK CANYON CITY, AZ;BLACK CANYON CITY, AZ2012
2837;5.2;52.3;31121;149878;536;5.0;86.3;5.6;0.4;0.2;1.0;20.0 ;http://web.archive.org/web/20130125070832/http://www.city-data.com/city/Black-Canyon-City-Arizona.html;18.12.2016 22:29;14;2013;http://www.city-data.com/city/Black-Canyon-City-Arizona.html;BLACK CANYON CITY, AZ;BLACK CANYON CITY, AZ2013
2837;5.2;52.3;33833;99553;755;9.2;85.2;5.6;0.4;0.2;1.0;20.0 ;http://web.archive.org/web/20130917152559/http://www.city-data.com:80/city/Black-Canyon-City-Arizona.html;18.12.2016 22:29;15;2014;http://www.city-data.com/city/Black-Canyon-City-Arizona.html;BLACK CANYON CITY, AZ;BLACK CANYON CITY, AZ2014
2837;5.2;52.3;36069;121636;887;10.1;85.3;5.6;0.4;0.2;1.0;20.0 ;http://web.archive.org/web/20141224183428/http://www.city-data.com:80/city/Black-Canyon-City-Arizona.html;18.12.2016 22:29;16;2015;http://www.city-data.com/city/Black-Canyon-City-Arizona.html;BLACK CANYON CITY, AZ;BLACK CANYON CITY, AZ2015
14896;-0.5;47.0;58149;235989;755;5.8;96.3;5.0;1.8;0.5;0.0;202.6;http://web.archive.org/web/20120103023336/http://www.city-data.com:80/city/Boulder-City-Nevada.html;18.12.2016 22:29;17;2012;http://www.city-data.com/city/Boulder-City-Nevada.html;BOULDER CITY, NV;BOULDER CITY, NV2012
15023;0.4;49.9;58149;235989;755;5.8;96.3;7.1;1.1;0.8;0.7;202.6;http://web.archive.org/web/20121216035050/http://www.city-data.com:80/city/Boulder-City-Nevada.html;18.12.2016 22:29;18;2013;http://www.city-data.com/city/Boulder-City-Nevada.html;BOULDER CITY, NV;BOULDER CITY, NV2013
15168;1.3;49.9;51455;184125;838;8.2;95.9;5.3;1.4;0.5;0.9;202.6;http://web.archive.org/web/20131203041502/http://www.city-data.com:80/city/Boulder-City-Nevada.html;18.12.2016 22:29;19;2014;http://www.city-data.com/city/Boulder-City-Nevada.html;BOULDER CITY, NV;BOULDER CITY, NV2014
15168;1.3;49.9;54685;187041;857;11.0;95.6;5.9;1.4;0.4;0.4;202.6;http://web.archive.org/web/20150117075215/http://www.city-data.com:80/city/Boulder-City-Nevada.html;18.12.2016 22:29;20;2015;http://www.city-data.com/city/Boulder-City-Nevada.html;BOULDER CITY, NV;BOULDER CITY, NV2015
2671;-8.3;36.2;21042;38066;425;15.5;92.4;0.0;2.2;72.9;0.0;0.56 ;http://web.archive.org/web/20120104014338/http://www.city-data.com:80/city/Braddock-Pennsylvania.html;18.12.2016 22:29;21;2012;http://www.city-data.com/city/Braddock-Pennsylvania.html;BRADDOCK, PA;BRADDOCK, PA2012
2159;-25.9;34.9;21042;38066;425;15.5;92.4;1.9;0.1;72.0;0.6;0.56 ;http://web.archive.org/web/20121111151230/http://www.city-data.com/city/Braddock-Pennsylvania.html;18.12.2016 22:29;22;2013;http://www.city-data.com/city/Braddock-Pennsylvania.html;BRADDOCK, PA;BRADDOCK, PA2013
2160;-25.8;34.9;21042;38066;425;15.5;92.4;1.9;0.1;72.0;0.6;0.56 ;http://web.archive.org/web/20130512055508/http://www.city-data.com/city/Braddock-Pennsylvania.html;18.12.2016 22:29;23;2014;http://www.city-data.com/city/Braddock-Pennsylvania.html;BRADDOCK, PA;BRADDOCK, PA2014
2153;-26.1;34.9;22984;30196;480;15.2;92.5;1.9;0.1;72.0;0.6;0.56 ;http://web.archive.org/web/20141223172758/http://www.city-data.com:80/city/Braddock-Pennsylvania.html;18.12.2016 22:29;24;2015;http://www.city-data.com/city/Braddock-Pennsylvania.html;BRADDOCK, PA;BRADDOCK, PA2015
4888;-8.5;43.8;37032;105532;560;3.6;94.9;0.0;0.0;2.0;0.0;1.08 ;http://web.archive.org/web/20120106084517/http://www.city-data.com:80/city/Bridgeville-Pennsylvania.html;18.12.2016 22:29;25;2012;http://www.city-data.com/city/Bridgeville-Pennsylvania.html;BRIDGEVILLE, PA;BRIDGEVILLE, PA2012
5148;-3.6;45.4;37032;105532;560;3.6;95.0;1.1;1.2;4.1;0.06;1.08 ;http://web.archive.org/web/20130512050626/http://www.city-data.com/city/Bridgeville-Pennsylvania.html;18.12.2016 22:29;26;2013;http://www.city-data.com/city/Bridgeville-Pennsylvania.html;BRIDGEVILLE, PA;BRIDGEVILLE, PA2013
5142;-3.7;45.4;34745;108222;569;9.5;95.2;1.1;1.2;4.1;0.06;1.08 ;http://web.archive.org/web/20140101025420/http://www.city-data.com:80/city/Bridgeville-Pennsylvania.html;18.12.2016 22:29;27;2014;http://www.city-data.com/city/Bridgeville-Pennsylvania.html;BRIDGEVILLE, PA;BRIDGEVILLE, PA2014
5139;-3.8;45.4;42266;112071;608;3.6;95.1;1.1;1.2;4.1;0.06;1.08 ;http://web.archive.org/web/20150321011415/http://www.city-data.com:80/city/Bridgeville-Pennsylvania.html;18.12.2016 22:30;28;2015;http://www.city-data.com/city/Bridgeville-Pennsylvania.html;BRIDGEVILLE, PA;BRIDGEVILLE, PA2015
8173;0.0;30.0;59322;176325;1070;5.8;91.1;39.7;2.3;6.1;0.0;145.8;http://web.archive.org/web/20111231165738/http://www.city-data.com:80/city/Buckeye-Arizona.html;18.12.2016 22:30;29;2012;http://www.city-data.com/city/Buckeye-Arizona.html;BUCKEYE, AZ;BUCKEYE, AZ2012
50876;678.3;30.7;59322;176325;1070;5.8;90.7;38.3;1.7;6.7;1.2;145.8;http://web.archive.org/web/20130116062819/http://www.city-data.com:80/city/Buckeye-Arizona.html;18.12.2016 22:30;30;2013;http://www.city-data.com/city/Buckeye-Arizona.html;BUCKEYE, AZ;BUCKEYE, AZ2013
51090;681.6;30.7;59322;176325;1070;5.8;90.7;38.3;1.7;6.7;1.2;145.8;http://web.archive.org/web/20130806162114/http://www.city-data.com:80/city/Buckeye-Arizona.html;18.12.2016 22:30;31;2014;http://www.city-data.com/city/Buckeye-Arizona.html;BUCKEYE, AZ;BUCKEYE, AZ2014
54542;734.4;30.7;60778;124263;1132;8.9;89.5;38.7;1.4;7.3;1.1;145.8;http://web.archive.org/web/20141229231404/http://www.city-data.com/city/Buckeye-Arizona.html;18.12.2016 22:30;32;2015;http://www.city-data.com/city/Buckeye-Arizona.html;BUCKEYE, AZ;BUCKEYE, AZ2015
366;0.0;59.3;14212;89548;;0.0;87.8;0.0;0.0;0.0;0.0;2.30 ;http://web.archive.org/web/20111223201347/http://www.city-data.com:80/city/Cal-Nev-Ari-Nevada.html;18.12.2016 22:30;33;2012;http://www.city-data.com/city/Cal-Nev-Ari-Nevada.html;CAL NEV ARI, NV;CAL NEV ARI, NV2012
366;0.0;59.3;14212;89548;;0.0;87.8;0.0;0.0;0.0;0.0;2.30 ;http://web.archive.org/web/20120111131020/http://www.city-data.com:80/city/Cal-Nev-Ari-Nevada.html;18.12.2016 22:30;34;2013;http://www.city-data.com/city/Cal-Nev-Ari-Nevada.html;CAL NEV ARI, NV;CAL NEV ARI, NV2013
244;-12.2;63.9;21291;55890;;0.0;88.4;4.9;0.0;0.4;0.0;2.30 ;http://web.archive.org/web/20140607151325/http://www.city-data.com:80/city/Cal-Nev-Ari-Nevada.html;18.12.2016 22:30;35;2014;http://www.city-data.com/city/Cal-Nev-Ari-Nevada.html;CAL NEV ARI, NV;CAL NEV ARI, NV2014
244;-12.2;63.9;20307;53585;;9.7;88.2;4.9;0.0;0.4;0.0;2.30 ;http://web.archive.org/web/20140807142023/http://www.city-data.com:80/city/Cal-Nev-Ari-Nevada.html;18.12.2016 22:30;36;2015;http://www.city-data.com/city/Cal-Nev-Ari-Nevada.html;CAL NEV ARI, NV;CAL NEV ARI, NV2015
7934;-5.4;40.0;42087;106519;576;6.7;95.2;1.6;0.7;6.0;0.0;1.65 ;http://web.archive.org/web/20120103092300/http://www.city-data.com:80/city/Carnegie-Pennsylvania.html;18.12.2016 22:30;37;2012;http://www.city-data.com/city/Carnegie-Pennsylvania.html;CARNEGIE, PA;CARNEGIE, PA2012
7974;-4.9;40.9;42087;106519;576;6.7;95.2;1.6;1.6;7.3;0.2;1.65 ;http://web.archive.org/web/20130128042208/http://www.city-data.com/city/Carnegie-Pennsylvania.html;18.12.2016 22:30;38;2013;http://www.city-data.com/city/Carnegie-Pennsylvania.html;CARNEGIE, PA;CARNEGIE, PA2013
7961;-5.1;40.9;38775;117786;600;7.0;95.3;1.4;0.5;8.4;0.4;1.65 ;http://web.archive.org/web/20130823001751/http://www.city-data.com/city/Carnegie-Pennsylvania.html;18.12.2016 22:30;39;2014;http://www.city-data.com/city/Carnegie-Pennsylvania.html;CARNEGIE, PA;CARNEGIE, PA2014
7961;-5.1;40.9;40482;103863;631;6.7;95.2;1.3;0.6;7.8;0.4;1.65 ;http://web.archive.org/web/20150205115629/http://www.city-data.com/city/Carnegie-Pennsylvania.html;18.12.2016 22:30;40;2015;http://www.city-data.com/city/Carnegie-Pennsylvania.html;CARNEGIE, PA;CARNEGIE, PA2015
13764;-3.0;35.9;56998;663288;1337;3.0;117.5;47.6;2.1;0.5;0.0;2.70 ;http://web.archive.org/web/20120102125914/http://www.city-data.com:80/city/Carpinteria-California.html;18.12.2016 22:30;41;2012;http://www.city-data.com/city/Carpinteria-California.html;CARPINTERIA, CA;CARPINTERIA, CA2012
13064;-8.0;39.5;56998;663288;1337;3.0;117.3;48.7;2.2;0.6;0.3;2.70 ;http://web.archive.org/web/20130125094522/http://www.city-data.com:80/city/Carpinteria-California.html;18.12.2016 22:30;42;2013;http://www.city-data.com/city/Carpinteria-California.html;CARPINTERIA, CA;CARPINTERIA, CA2013
13231;-6.8;39.5;69182;501764;1398;8.3;113.9;46.8;2.5;0.07;0.3;2.70 ;http://web.archive.org/web/20140805212036/http://www.city-data.com:80/city/Carpinteria-California.html;18.12.2016 22:30;43;2014;http://www.city-data.com/city/Carpinteria-California.html;CARPINTERIA, CA;CARPINTERIA, CA2014
13231;-6.8;39.5;69182;501764;1398;8.3;113.9;46.8;2.5;0.07;0.3;2.70 ;http://web.archive.org/web/20150101124815/http://www.city-data.com:80/city/Carpinteria-California.html;18.12.2016 22:30;44;2015;http://www.city-data.com/city/Carpinteria-California.html;CARPINTERIA, CA;CARPINTERIA, CA2015
43878;74.0;32.3;43342;128868;739;7.1;91.6;39.4;1.8;3.5;0.0;48.2 ;http://web.archive.org/web/20120106074752/http://www.city-data.com:80/city/Casa-Grande-Arizona.html;18.12.2016 22:30;45;2012;http://www.city-data.com/city/Casa-Grande-Arizona.html;CASA GRANDE, AZ;CASA GRANDE, AZ2012
48571;92.6;36.0;43342;128868;739;7.1;91.3;39.0;1.6;4.1;3.3;48.2 ;http://web.archive.org/web/20130115145806/http://www.city-data.com:80/city/Casa-Grande-Arizona.html;18.12.2016 22:30;46;2013;http://www.city-data.com/city/Casa-Grande-Arizona.html;CASA GRANDE, AZ;CASA GRANDE, AZ2013
49974;98.1;36.0;38298;97443;822;11.9;90.6;37.6;2.4;4.3;3.1;48.2 ;http://web.archive.org/web/20140203013258/http://www.city-data.com:80/city/Casa-Grande-Arizona.html;18.12.2016 22:30;47;2014;http://www.city-data.com/city/Casa-Grande-Arizona.html;CASA GRANDE, AZ;CASA GRANDE, AZ2014
49974;98.1;36.0;45717;109296;829;12.5;90.5;35.2;3.2;5.7;2.1;48.2 ;http://web.archive.org/web/20141223081224/http://www.city-data.com:80/city/Casa-Grande-Arizona.html;18.12.2016 22:30;48;2015;http://www.city-data.com/city/Casa-Grande-Arizona.html;CASA GRANDE, AZ;CASA GRANDE, AZ2015
5478;46.9;44.7;83059;525206;851;1.9;91.2;6.3;1.0;0.0;0.0;28.2 ;http://web.archive.org/web/20111221211904/http://www.city-data.com:80/city/Cave-Creek-Arizona.html;18.12.2016 22:30;49;2012;http://www.city-data.com/city/Cave-Creek-Arizona.html;CAVE CREEK, AZ;CAVE CREEK, AZ2012
5015;34.5;51.2;83059;525206;851;1.9;90.8;8.1;0.8;0.6;0.5;28.2 ;http://web.archive.org/web/20130110165634/http://www.city-data.com:80/city/Cave-Creek-Arizona.html;18.12.2016 22:30;50;2013;http://www.city-data.com/city/Cave-Creek-Arizona.html;CAVE CREEK, AZ;CAVE CREEK, AZ2013
5170;38.7;51.2;76454;480744;1263;2.5;89.7;8.1;0.8;0.6;0.5;28.2 ;http://web.archive.org/web/20140121204706/http://www.city-data.com:80/city/Cave-Creek-Arizona.html;18.12.2016 22:30;51;2014;http://www.city-data.com/city/Cave-Creek-Arizona.html;CAVE CREEK, AZ;CAVE CREEK, AZ2014
80286;18.9;25.3;38176;155300;819;7.1;88.8;5.0;8.8;15.6;0.0;17.0 ;http://web.archive.org/web/20120102135623/http://www.city-data.com:80/city/Champaign-Illinois.html;18.12.2016 22:31;53;2012;http://www.city-data.com/city/Champaign-Illinois.html;CHAMPAIGN, IL;CHAMPAIGN, IL2012
81055;20.0;25.7;38176;155300;819;7.1;88.8;6.3;10.5;15.4;0.2;17.0 ;http://web.archive.org/web/20130115193946/http://www.city-data.com:80/city/Champaign-Illinois.html;18.12.2016 22:31;54;2013;http://www.city-data.com/city/Champaign-Illinois.html;CHAMPAIGN, IL;CHAMPAIGN, IL2013
5170;38.7;51.2;71361;461131;1421;1.9;89.8;8.1;0.8;0.6;0.5;28.2 ;http://web.archive.org/web/20150209064135/http://www.city-data.com:80/city/Cave-Creek-Arizona.html;18.12.2016 22:31;52;2015;http://www.city-data.com/city/Cave-Creek-Arizona.html;CAVE CREEK, AZ;CAVE CREEK, AZ2015
82517;22.2;25.7;32965;152800;900;11.4;89.8;6.3;10.5;15.4;0.2;17.0 ;http://web.archive.org/web/20140101043009/http://www.city-data.com:80/city/Champaign-Illinois.html;18.12.2016 22:31;55;2014;http://www.city-data.com/city/Champaign-Illinois.html;CHAMPAIGN, IL;CHAMPAIGN, IL2014
82517;22.2;26.3;45864;141500;799;8.2;88.1;6.3;10.5;15.4;0.2;17.0 ;http://web.archive.org/web/20150110140337/http://www.city-data.com:80/city/Champaign-Illinois.html;18.12.2016 22:31;56;2015;http://www.city-data.com/city/Champaign-Illinois.html;CHAMPAIGN, IL;CHAMPAIGN, IL2015
255230;44.5;31.2;68258;246400;1001;3.4;93.4;25.0;5.3;4.5;0.0;57.9 ;http://web.archive.org/web/20111227213055/http://www.city-data.com:80/city/Chandler-Arizona.html;18.12.2016 22:31;57;2012;http://www.city-data.com/city/Chandler-Arizona.html;CHANDLER, AZ;CHANDLER, AZ2012
236123;33.7;34.1;68258;246400;1001;3.4;93.0;21.9;8.1;4.5;1.1;57.9 ;http://web.archive.org/web/20130105144628/http://www.city-data.com:80/city/Chandler-Arizona.html;18.12.2016 22:31;58;2013;http://www.city-data.com/city/Chandler-Arizona.html;CHANDLER, AZ;CHANDLER, AZ2013
245628;39.1;34.1;69260;189300;1017;6.9;92.3;23.3;6.2;5.6;1.0;57.9 ;http://web.archive.org/web/20131220154043/http://www.city-data.com/city/Chandler-Arizona.html;18.12.2016 22:31;59;2014;http://www.city-data.com/city/Chandler-Arizona.html;CHANDLER, AZ;CHANDLER, AZ2014
245628;39.1;33.9;70122;201400;1107;6.3;92.8;22.6;8.1;4.8;1.4;57.9 ;http://web.archive.org/web/20150113175234/http://www.city-data.com:80/city/Chandler-Arizona.html;18.12.2016 22:31;60;2015;http://www.city-data.com/city/Chandler-Arizona.html;CHANDLER, AZ;CHANDLER, AZ2015
5055;12.9;37.5;45637;168435;673;3.3;95.4;1.2;0.0;0.0;0.9;3.99 ;http://web.archive.org/web/20120407231343/http://www.city-data.com:80/city/Columbus-Wisconsin.html;18.12.2016 22:31;61;2012;http://www.city-data.com/city/Columbus-Wisconsin.html;COLUMBUS, WI;COLUMBUS, WI2012
4999;11.6;38.3;45637;168435;673;3.3;95.5;3.3;0.6;0.9;0.2;3.99 ;http://web.archive.org/web/20130203013233/http://www.city-data.com/city/Columbus-Wisconsin.html;18.12.2016 22:31;62;2013;http://www.city-data.com/city/Columbus-Wisconsin.html;COLUMBUS, WI;COLUMBUS, WI2013
4999;11.6;38.3;45637;168435;673;3.3;95.5;3.3;0.6;0.9;0.2;3.99 ;http://web.archive.org/web/20130511002335/http://www.city-data.com/city/Columbus-Wisconsin.html;18.12.2016 22:31;63;2014;http://www.city-data.com/city/Columbus-Wisconsin.html;COLUMBUS, WI;COLUMBUS, WI2014
5013;11.9;38.3;52615;156011;632;3.3;95.7;3.3;0.6;0.9;0.2;3.99 ;http://web.archive.org/web/20150123091042/http://www.city-data.com:80/city/Columbus-Wisconsin.html;18.12.2016 22:31;64;2015;http://www.city-data.com/city/Columbus-Wisconsin.html;COLUMBUS, WI;COLUMBUS, WI2015
11079;42.3;31.2;37385;87211;640;13.5;90.8;37.5;0.5;7.4;0.0;5.03 ;http://web.archive.org/web/20111208204639/http://www.city-data.com:80/city/Coolidge-Arizona.html;18.12.2016 22:31;65;2012;http://www.city-data.com/city/Coolidge-Arizona.html;COOLIDGE, AZ;COOLIDGE, AZ2012
12117;55.6;31.0;37385;87211;640;13.5;90.5;42.0;0.9;7.3;3.8;5.03 ;http://web.archive.org/web/20130128230010/http://www.city-data.com/city/Coolidge-Arizona.html;18.12.2016 22:31;66;2013;http://www.city-data.com/city/Coolidge-Arizona.html;COOLIDGE, AZ;COOLIDGE, AZ2013
12117;55.6;31.0;37385;87211;640;13.5;90.5;42.0;0.9;7.3;3.8;5.03 ;http://web.archive.org/web/20130604123533/http://www.city-data.com:80/city/Coolidge-Arizona.html;18.12.2016 22:31;67;2014;http://www.city-data.com/city/Coolidge-Arizona.html;COOLIDGE, AZ;COOLIDGE, AZ2014
11882;52.6;31.0;43645;69114;764;10.9;89.3;35.6;0.6;6.5;3.5;5.03 ;http://web.archive.org/web/20150101180416/http://www.city-data.com:80/city/Coolidge-Arizona.html;18.12.2016 22:31;68;2015;http://www.city-data.com/city/Coolidge-Arizona.html;COOLIDGE, AZ;COOLIDGE, AZ2015
25689;50.6;36.2;43764;103776;685;7.2;90.8;31.2;0.9;6.1;14.0;8.29 ;http://web.archive.org/web/20130128204343/http://www.city-data.com/city/Florence-Arizona.html;18.12.2016 22:33;93;2013;http://www.city-data.com/city/Florence-Arizona.html;FLORENCE, AZ;FLORENCE, AZ2013
26754;56.9;36.2;36656;84234;764;8.1;90.2;42.3;0.7;7.8;4.5;8.29 ;http://web.archive.org/web/20131120213525/http://www.city-data.com:80/city/Florence-Arizona.html;18.12.2016 22:33;94;2014;http://www.city-data.com/city/Florence-Arizona.html;FLORENCE, AZ;FLORENCE, AZ2014
287438;3.6;33.2;42157;113300;776;7.3;87.7;59.6;1.5;4.5;0.0;154.6;http://web.archive.org/web/20111228042643/http://www.city-data.com:80/city/Corpus-Christi-Texas.html;18.12.2016 22:31;69;2012;http://www.city-data.com/city/Corpus-Christi-Texas.html;CORPUS CHRISTI, TX;CORPUS CHRISTI, TX2012
305349;10.1;34.8;42157;113300;776;7.3;87.8;59.7;1.8;3.9;0.3;154.6;http://web.archive.org/web/20130116061732/http://www.city-data.com:80/city/Corpus-Christi-Texas.html;18.12.2016 22:31;70;2013;http://www.city-data.com/city/Corpus-Christi-Texas.html;CORPUS CHRISTI, TX;CORPUS CHRISTI, TX2013
312195;12.5;34.8;44893;110300;807;8.0;87.8;60.3;1.7;3.8;0.2;154.6;http://web.archive.org/web/20140111005740/http://www.city-data.com/city/Corpus-Christi-Texas.html;18.12.2016 22:31;71;2014;http://www.city-data.com/city/Corpus-Christi-Texas.html;CORPUS CHRISTI, TX;CORPUS CHRISTI, TX2014
312195;12.5;34.4;49336;113900;840;6.1;87.8;60.9;1.7;4.1;0.4;154.6;http://web.archive.org/web/20141223031738/http://www.city-data.com:80/city/Corpus-Christi-Texas.html;18.12.2016 22:31;72;2015;http://www.city-data.com/city/Corpus-Christi-Texas.html;CORPUS CHRISTI, TX;CORPUS CHRISTI, TX2015
6248;53.9;31.4;74549;251958;1049;1.4;98.6;1.6;4.8;3.4;0.0;2.29 ;http://web.archive.org/web/20110905132253/http://www.city-data.com:80/city/Cottage-Grove-Wisconsin.html;18.12.2016 22:31;73;2012;http://www.city-data.com/city/Cottage-Grove-Wisconsin.html;COTTAGE GROVE, WI;COTTAGE GROVE, WI2012
6208;52.9;33.8;74549;251958;1049;1.4;98.7;3.0;2.2;2.4;0.1;2.29 ;http://web.archive.org/web/20130203065638/http://www.city-data.com/city/Cottage-Grove-Wisconsin.html;18.12.2016 22:32;74;2013;http://www.city-data.com/city/Cottage-Grove-Wisconsin.html;COTTAGE GROVE, WI;COTTAGE GROVE, WI2013
6415;58.0;33.8;74527;246805;1129;2.7;99.1;3.3;4.4;2.7;0.2;2.29 ;http://web.archive.org/web/20131203005029/http://www.city-data.com/city/Cottage-Grove-Wisconsin.html;18.12.2016 22:32;75;2014;http://www.city-data.com/city/Cottage-Grove-Wisconsin.html;COTTAGE GROVE, WI;COTTAGE GROVE, WI2014
6482;59.7;33.8;77179;245513;1107;1.4;99.0;3.7;3.6;3.2;0.3;2.29 ;http://web.archive.org/web/20150303201457/http://www.city-data.com:80/city/Cottage-Grove-Wisconsin.html;18.12.2016 22:32;76;2015;http://www.city-data.com/city/Cottage-Grove-Wisconsin.html;COTTAGE GROVE, WI;COTTAGE GROVE, WI2015
12995;9.3;30.5;39829;135600;784;6.7;94.4;43.1;2.7;22.3;0.0;342.5;http://web.archive.org/web/20111231044655/http://www.city-data.com:80/city/Dallas-Texas.html;18.12.2016 22:32;77;2012;http://www.city-data.com/city/Dallas-Texas.html;DALLAS, TX;DALLAS, TX2012
11978;0.8;31.8;39829;135600;784;6.7;94.6;42.4;2.8;24.6;0.3;342.5;http://web.archive.org/web/20130107092846/http://www.city-data.com:80/city/Dallas-Texas.html;18.12.2016 22:32;78;2013;http://www.city-data.com/city/Dallas-Texas.html;DALLAS, TX;DALLAS, TX2013
12411;4.4;31.8;40585;122800;794;9.8;94.3;43.9;2.5;23.4;0.2;342.5;http://web.archive.org/web/20131227054317/http://www.city-data.com:80/city/Dallas-Texas.html;18.12.2016 22:32;79;2014;http://www.city-data.com/city/Dallas-Texas.html;DALLAS, TX;DALLAS, TX2014
12411;4.4;31.8;41354;133200;807;9.3;94.7;41.4;3.2;24.6;0.09;342.5;http://web.archive.org/web/20141228130913/http://www.city-data.com:80/city/Dallas-Texas.html;18.12.2016 22:32;80;2015;http://www.city-data.com/city/Dallas-Texas.html;DALLAS, TX;DALLAS, TX2015
1017;27.3;31.0;66430;200793;800;4.8;90.8;2.0;0.0;0.0;0.0;1.13 ;http://web.archive.org/web/20110813102213/http://www.city-data.com:80/city/Dane-Wisconsin.html;18.12.2016 22:32;81;2012;http://www.city-data.com/city/Dane-Wisconsin.html;DANE, WI;DANE, WI2012
996;24.7;32.5;66430;200793;800;4.8;90.8;4.3;1.7;0.8;0.1;1.13 ;http://web.archive.org/web/20130202002934/http://www.city-data.com/city/Dane-Wisconsin.html;18.12.2016 22:32;82;2013;http://www.city-data.com/city/Dane-Wisconsin.html;DANE, WI;DANE, WI2013
1049;31.3;32.5;74319;218663;900;3.9;90.7;4.3;1.7;0.8;0.1;1.13 ;http://web.archive.org/web/20131205173441/http://www.city-data.com/city/Dane-Wisconsin.html;18.12.2016 22:32;83;2014;http://www.city-data.com/city/Dane-Wisconsin.html;DANE, WI;DANE, WI2014
2287;-2.4;41.7;40245;74048;575;6.4;94.1;1.3;0.0;1.0;0.0;0.39 ;http://web.archive.org/web/20111210065441/http://www.city-data.com:80/city/East-McKeesport-Pennsylvania.html;18.12.2016 22:32;84;2012;http://www.city-data.com/city/East-McKeesport-Pennsylvania.html;EAST MC KEESPORT, PA;EAST MC KEESPORT, PA2012
2127;-9.2;43.0;40245;74048;575;6.4;94.1;1.8;0.3;6.9;0.05;0.39 ;http://web.archive.org/web/20130304093657/http://www.city-data.com:80/city/East-McKeesport-Pennsylvania.html;18.12.2016 22:32;85;2013;http://www.city-data.com/city/East-McKeesport-Pennsylvania.html;EAST MC KEESPORT, PA;EAST MC KEESPORT, PA2013
2132;-9.0;43.0;42115;73707;577;5.3;94.1;1.8;0.3;6.9;0.05;0.39 ;http://web.archive.org/web/20131006092051/http://www.city-data.com:80/city/East-McKeesport-Pennsylvania.html;18.12.2016 22:32;86;2014;http://www.city-data.com/city/East-McKeesport-Pennsylvania.html;EAST MC KEESPORT, PA;EAST MC KEESPORT, PA2014
2132;-9.0;43.0;38918;69208;628;6.1;94.0;1.8;0.3;6.9;0.05;0.39 ;http://web.archive.org/web/20141204194214/http://www.city-data.com:80/city/East-McKeesport-Pennsylvania.html;18.12.2016 22:32;87;2015;http://www.city-data.com/city/East-McKeesport-Pennsylvania.html;EAST MC KEESPORT, PA;EAST MC KEESPORT, PA2015
9514;0.0;24.6;48641;155970;1083;7.0;90.9;47.2;0.9;7.9;0.0;9.67 ;http://web.archive.org/web/20111229145805/http://www.city-data.com:80/city/El-Mirage-Arizona.html;18.12.2016 22:32;88;2012;http://www.city-data.com/city/El-Mirage-Arizona.html;EL MIRAGE, AZ;EL MIRAGE, AZ2012
31863;318.8;28.1;48641;155970;1083;7.0;90.5;47.6;1.5;6.1;1.0;9.67 ;http://web.archive.org/web/20130128204141/http://www.city-data.com/city/El-Mirage-Arizona.html;18.12.2016 22:32;89;2013;http://www.city-data.com/city/El-Mirage-Arizona.html;EL MIRAGE, AZ;EL MIRAGE, AZ2013
31863;318.8;28.1;48641;155970;1083;7.0;90.5;47.6;1.5;6.1;1.0;9.67 ;http://web.archive.org/web/20130601083641/http://www.city-data.com:80/city/El-Mirage-Arizona.html;18.12.2016 22:32;90;2014;http://www.city-data.com/city/El-Mirage-Arizona.html;EL MIRAGE, AZ;EL MIRAGE, AZ2014
32574;328.1;28.1;44520;89593;1076;8.1;90.1;50.7;0.5;3.7;0.9;9.67 ;http://web.archive.org/web/20141224062540/http://www.city-data.com:80/city/El-Mirage-Arizona.html;18.12.2016 22:32;91;2015;http://www.city-data.com/city/El-Mirage-Arizona.html;EL MIRAGE, AZ;EL MIRAGE, AZ2015
21769;27.6;35.4;43764;103776;685;7.2;91.1;39.7;0.1;8.3;0.0;8.29 ;http://web.archive.org/web/20111208191858/http://www.city-data.com:80/city/Florence-Arizona.html;18.12.2016 22:32;92;2012;http://www.city-data.com/city/Florence-Arizona.html;FLORENCE, AZ;FLORENCE, AZ2012
2007;-10.8;41.8;50910;96259;838;4.5;84.5;41.6;0.3;0.3;0.4;2.79 ;http://web.archive.org/web/20150216020131/http://www.city-data.com:80/city/Kearny-Arizona.html;18.12.2016 22:34;127;2015;http://www.city-data.com/city/Kearny-Arizona.html;KEARNY, AZ;KEARNY, AZ2015
40466;-1.5;27.7;49402;329676;1031;9.2;129.2;85.1;7.9;0.10;0.0;3.49 ;http://web.archive.org/web/20120101092719/http://www.city-data.com:80/city/La-Puente-California.html;18.12.2016 22:34;128;2012;http://www.city-data.com/city/La-Puente-California.html;LA PUENTE, CA;LA PUENTE, CA2012
26754;56.9;36.2;45430;92241;805;8.5;90.1;41.5;0.6;6.3;3.9;8.29 ;http://web.archive.org/web/20141222203033/http://www.city-data.com:80/city/Florence-Arizona.html;18.12.2016 22:33;95;2015;http://www.city-data.com/city/Florence-Arizona.html;FLORENCE, AZ;FLORENCE, AZ2015
39816;-3.0;31.5;49402;329676;1031;9.2;128.8;85.1;8.2;1.1;0.2;3.49 ;http://web.archive.org/web/20130111225007/http://www.city-data.com:80/city/La-Puente-California.html;18.12.2016 22:34;129;2013;http://www.city-data.com/city/La-Puente-California.html;LA PUENTE, CA;LA PUENTE, CA2013
40272;-1.9;31.5;48355;281831;1144;8.7;128.3;86.0;7.6;0.8;0.04;3.49 ;http://web.archive.org/web/20131113073759/http://www.city-data.com:80/city/La-Puente-California.html;18.12.2016 22:34;130;2014;http://www.city-data.com/city/La-Puente-California.html;LA PUENTE, CA;LA PUENTE, CA2014
40435;-1.5;31.5;49839;268737;1169;9.2;128.3;86.8;8.5;0.8;0.05;3.49 ;http://web.archive.org/web/20150306193402/http://www.city-data.com:80/city/La-Puente-California.html;18.12.2016 22:34;131;2015;http://www.city-data.com/city/La-Puente-California.html;LA PUENTE, CA;LA PUENTE, CA2015
567641;18.6;34.5;50935;197000;1025;7.0;95.5;32.5;5.7;10.2;0.0;113.3;http://web.archive.org/web/20120106084623/http://www.city-data.com:80/city/Las-Vegas-Nevada.html;18.12.2016 22:34;132;2012;http://www.city-data.com/city/Las-Vegas-Nevada.html;LAS VEGAS, NV;LAS VEGAS, NV2012
583756;22.0;35.9;50935;197000;1025;7.0;95.4;31.5;5.9;10.6;0.4;113.3;http://web.archive.org/web/20130105195453/http://www.city-data.com:80/city/Las-Vegas-Nevada.html;18.12.2016 22:34;133;2013;http://www.city-data.com/city/Las-Vegas-Nevada.html;LAS VEGAS, NV;LAS VEGAS, NV2013
596424;24.7;35.9;46995;153200;934;13.3;94.8;32.0;6.6;11.3;0.6;113.3;http://web.archive.org/web/20140101025538/http://www.city-data.com:80/city/Las-Vegas-Nevada.html;18.12.2016 22:35;134;2014;http://www.city-data.com/city/Las-Vegas-Nevada.html;LAS VEGAS, NV;LAS VEGAS, NV2014
596424;24.7;36.0;47415;141200;936;14.1;94.6;32.8;5.9;10.1;0.2;113.3;http://web.archive.org/web/20141223162041/http://www.city-data.com:80/city/Las-Vegas-Nevada.html;18.12.2016 22:35;135;2015;http://www.city-data.com/city/Las-Vegas-Nevada.html;LAS VEGAS, NV;LAS VEGAS, NV2015
25305;25.1;46.4;75640;374010;1220;2.2;95.9;3.5;0.7;0.5;0.0;18.2 ;http://web.archive.org/web/20120310224349/http://www.city-data.com:80/city/Fountain-Hills-Arizona.html;18.12.2016 22:33;96;2012;http://www.city-data.com/city/Fountain-Hills-Arizona.html;FOUNTAIN HILLS, AZ;FOUNTAIN HILLS, AZ2012
5162;35.5;44.7;94412;311773;1177;4.1;93.7;18.8;3.8;0.9;0.0;3.13 ;http://web.archive.org/web/20120104220720/http://www.city-data.com:80/city/Litchfield-Park-Arizona.html;18.12.2016 22:35;136;2012;http://www.city-data.com/city/Litchfield-Park-Arizona.html;LITCHFIELD PARK, AZ;LITCHFIELD PARK, AZ2012
5488;44.0;44.2;94412;311773;1177;4.1;93.3;15.4;4.1;3.4;0.7;3.13 ;http://web.archive.org/web/20130125071205/http://www.city-data.com/city/Litchfield-Park-Arizona.html;18.12.2016 22:35;137;2013;http://www.city-data.com/city/Litchfield-Park-Arizona.html;LITCHFIELD PARK, AZ;LITCHFIELD PARK, AZ2013
5171;35.7;44.2;70924;215554;1060;3.8;93.0;15.4;4.1;3.4;0.7;3.13 ;http://web.archive.org/web/20140320021152/http://www.city-data.com:80/city/Litchfield-Park-Arizona.html;18.12.2016 22:35;138;2014;http://www.city-data.com/city/Litchfield-Park-Arizona.html;LITCHFIELD PARK, AZ;LITCHFIELD PARK, AZ2014
5306;39.3;44.2;73123;240191;1347;4.1;92.9;15.4;4.1;3.4;0.7;3.13 ;http://web.archive.org/web/20150303061814/http://www.city-data.com:80/city/Litchfield-Park-Arizona.html;18.12.2016 22:35;139;2015;http://www.city-data.com/city/Litchfield-Park-Arizona.html;LITCHFIELD PARK, AZ;LITCHFIELD PARK, AZ2015
235626;13.3;30.6;49595;220200;847;4.8;99.0;5.5;6.2;6.6;0.0;68.7 ;http://web.archive.org/web/20120101074248/http://www.city-data.com:80/city/Madison-Wisconsin.html;18.12.2016 22:35;140;2012;http://www.city-data.com/city/Madison-Wisconsin.html;MADISON, WI;MADISON, WI2012
233209;12.1;30.9;49595;220200;847;4.8;99.1;6.8;7.3;7.1;0.3;68.7 ;http://web.archive.org/web/20130116040346/http://www.city-data.com:80/city/Madison-Wisconsin.html;18.12.2016 22:35;141;2013;http://www.city-data.com/city/Madison-Wisconsin.html;MADISON, WI;MADISON, WI2013
240323;15.5;30.9;53363;213900;888;6.2;99.2;7.7;8.0;6.2;0.4;68.7 ;http://web.archive.org/web/20140117221830/http://www.city-data.com:80/city/Madison-Wisconsin.html;18.12.2016 22:35;142;2014;http://www.city-data.com/city/Madison-Wisconsin.html;MADISON, WI;MADISON, WI2014
240323;15.5;30.7;51180;206600;867;5.9;99.1;6.3;8.2;7.7;0.4;68.7 ;http://web.archive.org/web/20141224184059/http://www.city-data.com:80/city/Madison-Wisconsin.html;18.12.2016 22:35;143;2015;http://www.city-data.com/city/Madison-Wisconsin.html;MADISON, WI;MADISON, WI2015
22534;11.4;53.9;75640;374010;1220;2.2;95.5;4.1;1.8;0.9;0.5;18.2 ;http://web.archive.org/web/20130128230006/http://www.city-data.com/city/Fountain-Hills-Arizona.html;18.12.2016 22:33;97;2013;http://www.city-data.com/city/Fountain-Hills-Arizona.html;FOUNTAIN HILLS, AZ;FOUNTAIN HILLS, AZ2013
1736;0.0;27.5;67074;175234;1249;7.2;86.7;24.6;3.7;5.6;0.0;4.04 ;http://web.archive.org/web/20111227181620/http://www.city-data.com:80/city/Maricopa-Arizona.html;18.12.2016 22:35;144;2012;http://www.city-data.com/city/Maricopa-Arizona.html;MARICOPA, AZ;MARICOPA, AZ2012
43482;4081.0;31.2;67074;175234;1249;7.2;86.3;24.4;3.9;9.2;1.5;4.04 ;http://web.archive.org/web/20130105142619/http://www.city-data.com:80/city/Maricopa-Arizona.html;18.12.2016 22:35;145;2013;http://www.city-data.com/city/Maricopa-Arizona.html;MARICOPA, AZ;MARICOPA, AZ2013
44803;4208.0;31.2;56461;111807;1204;5.6;89.3;23.5;4.8;7.1;1.3;4.04 ;http://web.archive.org/web/20140330050727/http://www.city-data.com/city/Maricopa-Arizona.html;18.12.2016 22:35;146;2014;http://www.city-data.com/city/Maricopa-Arizona.html;MARICOPA, AZ;MARICOPA, AZ2014
44803;4208.0;31.2;65039;117958;1243;7.6;89.2;23.4;3.2;8.5;1.9;4.04 ;http://web.archive.org/web/20150101034931/http://www.city-data.com:80/city/Maricopa-Arizona.html;18.12.2016 22:35;147;2015;http://www.city-data.com/city/Maricopa-Arizona.html;MARICOPA, AZ;MARICOPA, AZ2015
22076;-8.2;39.7;25771;50462;540;12.5;93.1;3.6;0.4;23.7;0.0;5.00 ;http://web.archive.org/web/20120104141615/http://www.city-data.com:80/city/McKeesport-Pennsylvania.html;18.12.2016 22:35;148;2012;http://www.city-data.com/city/Mckeesport-Pennsylvania.html;MCKEESPORT, PA;MCKEESPORT, PA2012
19736;-17.9;41.5;25771;50462;540;12.5;93.1;2.3;0.3;31.4;0.3;5.00 ;http://web.archive.org/web/20130128042254/http://www.city-data.com/city/McKeesport-Pennsylvania.html;18.12.2016 22:35;149;2013;http://www.city-data.com/city/Mckeesport-Pennsylvania.html;MCKEESPORT, PA;MCKEESPORT, PA2013
19736;-17.9;41.5;25771;50462;540;12.5;93.1;2.3;0.3;31.4;0.3;5.00 ;http://web.archive.org/web/20130511095225/http://www.city-data.com/city/McKeesport-Pennsylvania.html;18.12.2016 22:35;150;2014;http://www.city-data.com/city/Mckeesport-Pennsylvania.html;MCKEESPORT, PA;MCKEESPORT, PA2014
23031;13.8;53.9;68694;285957;1157;6.8;95.3;4.3;1.4;0.4;0.4;18.2 ;http://web.archive.org/web/20131116005426/http://www.city-data.com:80/city/Fountain-Hills-Arizona.html;18.12.2016 22:33;98;2014;http://www.city-data.com/city/Fountain-Hills-Arizona.html;FOUNTAIN HILLS, AZ;FOUNTAIN HILLS, AZ2014
19686;-18.1;41.5;26724;48436;556;12.5;93.3;4.6;0.6;25.3;0.6;5.00 ;http://web.archive.org/web/20150213060949/http://www.city-data.com:80/city/McKeesport-Pennsylvania.html;18.12.2016 22:35;151;2015;http://www.city-data.com/city/Mckeesport-Pennsylvania.html;MCKEESPORT, PA;MCKEESPORT, PA2015
462486;16.7;32.0;49446;173100;851;4.2;92.5;25.2;1.9;2.5;0.0;125.0;http://web.archive.org/web/20111227162803/http://www.city-data.com:80/city/Mesa-Arizona.html;18.12.2016 22:35;152;2012;http://www.city-data.com/city/Mesa-Arizona.html;MESA, AZ;MESA, AZ2012
439041;10.8;34.6;49446;173100;851;4.2;92.2;26.4;1.9;3.2;1.9;125.0;http://web.archive.org/web/20121218015120/http://www.city-data.com:80/city/Mesa-Arizona.html;18.12.2016 22:35;153;2013;http://www.city-data.com/city/Mesa-Arizona.html;MESA, AZ;MESA, AZ2013
452084;14.1;34.6;44527;136200;837;9.6;91.9;25.8;1.7;4.7;1.8;125.0;http://web.archive.org/web/20131227045617/http://www.city-data.com:80/city/Mesa-Arizona.html;18.12.2016 22:35;154;2014;http://www.city-data.com/city/Mesa-Arizona.html;MESA, AZ;MESA, AZ2014
452084;14.1;35.3;47256;129400;850;9.2;91.5;27.8;1.7;3.0;1.8;125.0;http://web.archive.org/web/20141223033520/http://www.city-data.com:80/city/Mesa-Arizona.html;18.12.2016 22:36;155;2015;http://www.city-data.com/city/Mesa-Arizona.html;MESA, AZ;MESA, AZ2015
16539;4.9;36.2;59790;280846;803;1.9;98.6;4.0;3.6;2.4;0.0;8.07 ;http://web.archive.org/web/20120202194634/http://www.city-data.com:80/city/Middleton-Wisconsin.html;18.12.2016 22:36;156;2012;http://www.city-data.com/city/Middleton-Wisconsin.html;MIDDLETON, WI;MIDDLETON, WI2012
17484;10.9;39.1;59790;280846;803;1.9;98.7;5.6;4.2;3.3;0.2;8.07 ;http://web.archive.org/web/20130203065100/http://www.city-data.com/city/Middleton-Wisconsin.html;18.12.2016 22:36;157;2013;http://www.city-data.com/city/Middleton-Wisconsin.html;MIDDLETON, WI;MIDDLETON, WI2013
18159;15.1;39.1;58809;260729;809;3.9;99.4;6.0;5.4;2.0;0.2;8.07 ;http://web.archive.org/web/20131203130841/http://www.city-data.com/city/Middleton-Wisconsin.html;18.12.2016 22:36;158;2014;http://www.city-data.com/city/Middleton-Wisconsin.html;MIDDLETON, WI;MIDDLETON, WI2014
23031;13.8;53.9;71607;298114;1143;6.3;95.2;4.4;1.5;1.6;0.5;18.2 ;http://web.archive.org/web/20141223054812/http://www.city-data.com:80/city/Fountain-Hills-Arizona.html;18.12.2016 22:33;99;2015;http://www.city-data.com/city/Fountain-Hills-Arizona.html;FOUNTAIN HILLS, AZ;FOUNTAIN HILLS, AZ2015
1831;-7.5;29.3;31118;63326;533;7.7;84.4;69.2;0.0;0.2;0.0;22.8 ;http://web.archive.org/web/20111126054836/http://www.city-data.com:80/city/Gila-Bend-Arizona.html;18.12.2016 22:33;100;2012;http://www.city-data.com/city/Gila-Bend-Arizona.html;GILA BEND, AZ;GILA BEND, AZ2012
1925;-2.8;32.7;31118;63326;533;7.7;84.0;65.4;0.5;1.6;4.9;22.8 ;http://web.archive.org/web/20130125071046/http://www.city-data.com/city/Gila-Bend-Arizona.html;18.12.2016 22:33;101;2013;http://www.city-data.com/city/Gila-Bend-Arizona.html;GILA BEND, AZ;GILA BEND, AZ2013
1925;-2.8;32.7;31118;63326;533;7.7;84.0;65.4;0.5;1.6;4.9;22.8 ;http://web.archive.org/web/20130511210454/http://www.city-data.com/city/Gila-Bend-Arizona.html;18.12.2016 22:33;102;2014;http://www.city-data.com/city/Gila-Bend-Arizona.html;GILA BEND, AZ;GILA BEND, AZ2014
1977;-0.2;32.7;31184;53005;658;7.7;83.6;65.4;0.5;1.6;4.9;22.8 ;http://web.archive.org/web/20150321061653/http://www.city-data.com:80/city/Gila-Bend-Arizona.html;18.12.2016 22:33;103;2015;http://www.city-data.com/city/Gila-Bend-Arizona.html;GILA BEND, AZ;GILA BEND, AZ2015
217285;98.1;30.1;74957;254800;1235;2.5;93.8;15.2;6.0;4.6;0.0;43.0 ;http://web.archive.org/web/20111228191120/http://www.city-data.com:80/city/Gilbert-Arizona.html;18.12.2016 22:33;104;2012;http://www.city-data.com/city/Gilbert-Arizona.html;GILBERT, AZ;GILBERT, AZ2012
208453;90.0;31.9;74957;254800;1235;2.5;93.4;14.9;5.7;3.2;0.7;43.0 ;http://web.archive.org/web/20121218013913/http://www.city-data.com:80/city/Gilbert-Arizona.html;18.12.2016 22:33;105;2013;http://www.city-data.com/city/Gilbert-Arizona.html;GILBERT, AZ;GILBERT, AZ2013
221140;101.6;31.9;71207;193900;1232;6.5;92.9;14.9;5.7;3.2;0.7;43.0 ;http://web.archive.org/web/20131227013129/http://www.city-data.com:80/city/Gilbert-Arizona.html;18.12.2016 22:33;106;2014;http://www.city-data.com/city/Gilbert-Arizona.html;GILBERT, AZ;GILBERT, AZ2014
221140;101.6;32.2;79916;209300;1262;5.9;92.9;16.2;5.5;2.4;0.6;43.0 ;http://web.archive.org/web/20141223081405/http://www.city-data.com:80/city/Gilbert-Arizona.html;18.12.2016 22:33;107;2015;http://www.city-data.com/city/Gilbert-Arizona.html;GILBERT, AZ;GILBERT, AZ2015
252188;15.3;30.8;50035;166700;838;5.0;92.0;36.6;3.0;5.3;0.0;55.7 ;http://web.archive.org/web/20111229012256/http://www.city-data.com:80/city/Glendale-Arizona.html;18.12.2016 22:33;108;2012;http://www.city-data.com/city/Glendale-Arizona.html;GLENDALE, AZ;GLENDALE, AZ2012
226721;3.6;32.5;50035;166700;838;5.0;91.7;35.5;3.8;5.6;1.2;55.7 ;http://web.archive.org/web/20121218021706/http://www.city-data.com:80/city/Glendale-Arizona.html;18.12.2016 22:33;109;2013;http://www.city-data.com/city/Glendale-Arizona.html;GLENDALE, AZ;GLENDALE, AZ2013
232143;6.1;32.5;48079;122800;785;13.0;90.9;37.0;3.5;3.5;0.5;55.7 ;http://web.archive.org/web/20140101071807/http://www.city-data.com:80/city/Glendale-Arizona.html;18.12.2016 22:33;110;2014;http://www.city-data.com/city/Glendale-Arizona.html;GLENDALE, AZ;GLENDALE, AZ2014
232143;6.1;32.5;45765;124800;803;9.6;91.2;38.1;3.1;6.2;1.2;55.7 ;http://web.archive.org/web/20150101034004/http://www.city-data.com:80/city/Glendale-Arizona.html;18.12.2016 22:33;111;2015;http://www.city-data.com/city/Glendale-Arizona.html;GLENDALE, AZ;GLENDALE, AZ2015
66308;250.6;36.5;72958;248698;1223;4.1;93.9;28.8;2.8;4.7;0.0;116.5;http://web.archive.org/web/20111229010232/http://www.city-data.com:80/city/Goodyear-Arizona.html;18.12.2016 22:33;112;2012;http://www.city-data.com/city/Goodyear-Arizona.html;GOODYEAR, AZ;GOODYEAR, AZ2012
65275;245.2;34.9;72958;248698;1223;4.1;93.5;27.8;4.2;6.3;1.0;116.5;http://web.archive.org/web/20121218085819/http://www.city-data.com:80/city/Goodyear-Arizona.html;18.12.2016 22:33;113;2013;http://www.city-data.com/city/Goodyear-Arizona.html;GOODYEAR, AZ;GOODYEAR, AZ2013
69648;268.3;34.9;52194;160600;1018;4.1;92.4;27.8;4.2;6.3;1.0;116.5;http://web.archive.org/web/20131227065950/http://www.city-data.com:80/city/Goodyear-Arizona.html;18.12.2016 22:34;114;2014;http://www.city-data.com/city/Goodyear-Arizona.html;GOODYEAR, AZ;GOODYEAR, AZ2014
69648;268.3;34.5;73022;178300;1343;4.1;93.0;27.8;4.2;6.3;1.0;116.5;http://web.archive.org/web/20150118003705/http://www.city-data.com:80/city/Goodyear-Arizona.html;18.12.2016 22:34;115;2015;http://www.city-data.com/city/Goodyear-Arizona.html;GOODYEAR, AZ;GOODYEAR, AZ2015
256445;46.2;35.9;64431;252300;1182;4.7;96.3;13.0;7.6;3.8;0.0;79.7 ;http://web.archive.org/web/20120103212840/http://www.city-data.com:80/city/Henderson-Nevada.html;18.12.2016 22:34;116;2012;http://www.city-data.com/city/Henderson-Nevada.html;HENDERSON, NV;HENDERSON, NV2012
257729;47.0;39.6;64431;252300;1182;4.7;96.2;14.9;7.1;4.8;0.5;79.7 ;http://web.archive.org/web/20130116132658/http://www.city-data.com:80/city/Henderson-Nevada.html;18.12.2016 22:34;117;2013;http://www.city-data.com/city/Henderson-Nevada.html;HENDERSON, NV;HENDERSON, NV2013
265679;51.5;39.6;60453;192900;1099;12.0;95.7;13.1;8.3;7.7;0.3;79.7 ;http://web.archive.org/web/20140109021255/http://www.city-data.com:80/city/Henderson-Nevada.html;18.12.2016 22:34;118;2014;http://www.city-data.com/city/Henderson-Nevada.html;HENDERSON, NV;HENDERSON, NV2014
265679;51.5;40.4;61404;186500;1130;10.3;95.7;14.7;7.2;5.4;0.3;79.7 ;http://web.archive.org/web/20141223083836/http://www.city-data.com:80/city/Henderson-Nevada.html;18.12.2016 22:34;119;2015;http://www.city-data.com/city/Henderson-Nevada.html;HENDERSON, NV;HENDERSON, NV2015
3628;1.7;39.8;23156;42345;561;11.0;92.9;0.0;1.2;55.9;0.0;0.57 ;http://web.archive.org/web/20120106235635/http://www.city-data.com:80/city/Homestead-Pennsylvania.html;18.12.2016 22:34;120;2012;http://www.city-data.com/city/Homestead-Pennsylvania.html;HOMESTEAD, PA;HOMESTEAD, PA2012
3165;-11.3;40.3;23156;42345;561;11.0;93.0;1.8;3.0;58.4;0.2;0.57 ;http://web.archive.org/web/20121108144101/http://www.city-data.com/city/Homestead-Pennsylvania.html;18.12.2016 22:34;121;2013;http://www.city-data.com/city/Homestead-Pennsylvania.html;HOMESTEAD, PA;HOMESTEAD, PA2013
3155;-11.6;40.3;32735;40228;552;8.5;92.9;1.8;3.0;58.4;0.2;0.57 ;http://web.archive.org/web/20140707063022/http://www.city-data.com:80/city/Homestead-Pennsylvania.html;18.12.2016 22:34;122;2014;http://www.city-data.com/city/Homestead-Pennsylvania.html;HOMESTEAD, PA;HOMESTEAD, PA2014
3150;-11.7;40.3;32735;40228;552;11.0;93.0;1.8;3.0;58.4;0.2;0.57 ;http://web.archive.org/web/20150221174738/http://www.city-data.com:80/city/Homestead-Pennsylvania.html;18.12.2016 22:34;123;2015;http://www.city-data.com/city/Homestead-Pennsylvania.html;HOMESTEAD, PA;HOMESTEAD, PA2015
1950;-13.3;41.8;45332;74056;814;4.5;84.8;41.6;0.3;0.3;0.4;2.79 ;http://web.archive.org/web/20120614085151/http://www.city-data.com:80/city/Kearny-Arizona.html;18.12.2016 22:34;124;2012;http://www.city-data.com/city/Kearny-Arizona.html;KEARNY, AZ;KEARNY, AZ2012
1999;-11.1;41.8;45332;74056;814;4.5;84.8;41.6;0.3;0.3;0.4;2.79 ;http://web.archive.org/web/20130125071316/http://www.city-data.com/city/Kearny-Arizona.html;18.12.2016 22:34;125;2013;http://www.city-data.com/city/Kearny-Arizona.html;KEARNY, AZ;KEARNY, AZ2013
1999;-11.1;41.8;45332;74056;814;4.5;84.8;41.6;0.3;0.3;0.4;2.79 ;http://web.archive.org/web/20130511214753/http://www.city-data.com/city/Kearny-Arizona.html;18.12.2016 22:34;126;2014;http://www.city-data.com/city/Kearny-Arizona.html;KEARNY, AZ;KEARNY, AZ2014
9561;27.2;37.0;76488;224253;903;6.6;98.0;2.2;0.8;1.1;0.2;3.07 ;http://web.archive.org/web/20131203083731/http://www.city-data.com/city/Oregon-Wisconsin.html;18.12.2016 22:36;171;2014;http://www.city-data.com/city/Oregon-Wisconsin.html;OREGON, WI;OREGON, WI2014
9561;27.2;37.0;74447;218677;867;6.3;98.0;1.5;1.5;0.3;0.1;3.07 ;http://web.archive.org/web/20141228201019/http://www.city-data.com:80/city/Oregon-Wisconsin.html;18.12.2016 22:36;172;2015;http://www.city-data.com/city/Oregon-Wisconsin.html;OREGON, WI;OREGON, WI2015
15131;10.7;46.3;137385;837650;1907;2.0;100.0;4.5;3.4;3.9;0.0;15.5 ;http://web.archive.org/web/20120101074254/http://www.city-data.com:80/city/Paradise-Valley-Arizona.html;18.12.2016 22:36;173;2012;http://www.city-data.com/city/Paradise-Valley-Arizona.html;PARADISE VALLEY, AZ;PARADISE VALLEY, AZ2012
12847;-6.0;51.0;137385;837650;1907;2.0;99.6;3.7;4.0;0.6;0.2;15.5 ;http://web.archive.org/web/20130128204409/http://www.city-data.com/city/Paradise-Valley-Arizona.html;18.12.2016 22:36;174;2013;http://www.city-data.com/city/Paradise-Valley-Arizona.html;PARADISE VALLEY, AZ;PARADISE VALLEY, AZ2013
13154;-3.7;51.0;121242;736435;2001;1.7;99.4;3.7;4.0;0.6;0.2;15.5 ;http://web.archive.org/web/20131218021625/http://www.city-data.com:80/city/Paradise-Valley-Arizona.html;18.12.2016 22:37;175;2014;http://www.city-data.com/city/Paradise-Valley-Arizona.html;PARADISE VALLEY, AZ;PARADISE VALLEY, AZ2014
13154;-3.7;51.0;131948;833420;2001;1.9;98.6;3.7;4.0;0.6;0.2;15.5 ;http://web.archive.org/web/20150101043540/http://www.city-data.com:80/city/Paradise-Valley-Arizona.html;18.12.2016 22:37;176;2015;http://www.city-data.com/city/Paradise-Valley-Arizona.html;PARADISE VALLEY, AZ;PARADISE VALLEY, AZ2015
18159;15.1;39.1;59696;264182;840;4.5;99.2;7.9;5.6;1.6;0.2;8.07 ;http://web.archive.org/web/20141224064345/http://www.city-data.com:80/city/Middleton-Wisconsin.html;18.12.2016 22:36;159;2015;http://www.city-data.com/city/Middleton-Wisconsin.html;MIDDLETON, WI;MIDDLETON, WI2015
162740;50.2;35.6;61619;198400;1146;3.9;93.5;21.5;2.1;2.1;0.0;138.2;http://web.archive.org/web/20111216202031/http://www.city-data.com:80/city/Peoria-Arizona.html;18.12.2016 22:37;177;2012;http://www.city-data.com/city/Peoria-Arizona.html;PEORIA, AZ;PEORIA, AZ2012
154065;42.2;38.1;61619;198400;1146;3.9;93.2;18.6;3.1;3.2;0.7;138.2;http://web.archive.org/web/20121218010304/http://www.city-data.com:80/city/Peoria-Arizona.html;18.12.2016 22:37;178;2013;http://www.city-data.com/city/Peoria-Arizona.html;PEORIA, AZ;PEORIA, AZ2013
159789;47.5;38.1;64864;164700;908;8.3;91.5;17.0;2.6;3.1;0.8;138.2;http://web.archive.org/web/20131217123434/http://www.city-data.com:80/city/Peoria-Arizona.html;18.12.2016 22:37;179;2014;http://www.city-data.com/city/Peoria-Arizona.html;PEORIA, AZ;PEORIA, AZ2014
159789;47.5;38.2;61880;162900;1116;6.4;92.4;19.6;4.8;3.7;0.3;138.2;http://web.archive.org/web/20141231223630/http://www.city-data.com:80/city/Peoria-Arizona.html;18.12.2016 22:37;180;2015;http://www.city-data.com/city/Peoria-Arizona.html;PEORIA, AZ;PEORIA, AZ2015
16015;21.2;30.7;47085;182300;836;5.6;92.7;43.2;2.8;5.3;0.0;474.9;http://web.archive.org/web/20120101205727/http://www.city-data.com:80/city/Phoenix-Arizona.html;18.12.2016 22:37;181;2012;http://www.city-data.com/city/Phoenix-Arizona.html;PHOENIX, AZ;PHOENIX, AZ2012
14456;9.4;32.2;47085;182300;836;5.6;92.3;40.8;3.0;6.0;1.6;474.9;http://web.archive.org/web/20130105121035/http://www.city-data.com:80/city/Phoenix-Arizona.html;18.12.2016 22:37;182;2013;http://www.city-data.com/city/Phoenix-Arizona.html;PHOENIX, AZ;PHOENIX, AZ2013
14887;12.7;32.2;43960;137500;815;11.0;91.6;40.2;3.3;6.2;1.7;474.9;http://web.archive.org/web/20140101072352/http://www.city-data.com:80/city/Phoenix-Arizona.html;18.12.2016 22:37;183;2014;http://www.city-data.com/city/Phoenix-Arizona.html;PHOENIX, AZ;PHOENIX, AZ2014
227;0.0;55.5;51432;161600;;6.4;84.0;4.8;0.0;0.0;0.4;#WERT!;http://web.archive.org/web/20150413052859/http://www.city-data.com:80/city/Morristown-Arizona.html;18.12.2016 22:36;160;2015;http://www.city-data.com/city/Morristown-Arizona.html;MORRISTOWN, AZ;MORRISTOWN, AZ2015
14887;12.7;32.2;44153;140500;859;9.7;91.8;40.3;3.4;6.6;1.6;474.9;http://web.archive.org/web/20150107145314/http://www.city-data.com:80/city/Phoenix-Arizona.html;18.12.2016 22:37;184;2015;http://www.city-data.com/city/Phoenix-Arizona.html;PHOENIX, AZ;PHOENIX, AZ2015
311647;-6.8;35.5;37461;92500;706;10.1;95.1;2.5;3.7;26.2;0.0;55.6 ;http://web.archive.org/web/20111228030215/http://www.city-data.com:80/city/Pittsburgh-Pennsylvania.html;18.12.2016 22:37;185;2012;http://www.city-data.com/city/Pittsburgh-Pennsylvania.html;PITTSBURGH, PA;PITTSBURGH, PA2012
305704;-8.6;33.2;37461;92500;706;10.1;95.1;2.3;4.4;25.8;0.2;55.6 ;http://web.archive.org/web/20130116064948/http://www.city-data.com:80/city/Pittsburgh-Pennsylvania.html;18.12.2016 22:37;186;2013;http://www.city-data.com/city/Pittsburgh-Pennsylvania.html;PITTSBURGH, PA;PITTSBURGH, PA2013
306211;-8.5;33.2;35947;90500;717;10.8;95.3;2.4;4.6;26.1;0.2;55.6 ;http://web.archive.org/web/20131222140109/http://www.city-data.com:80/city/Pittsburgh-Pennsylvania.html;18.12.2016 22:37;187;2014;http://www.city-data.com/city/Pittsburgh-Pennsylvania.html;PITTSBURGH, PA;PITTSBURGH, PA2014
306211;-8.5;33.5;39884;87900;755;9.3;95.2;2.7;5.0;24.4;0.2;55.6 ;http://web.archive.org/web/20141227192323/http://www.city-data.com:80/city/Pittsburgh-Pennsylvania.html;18.12.2016 22:37;188;2015;http://www.city-data.com/city/Pittsburgh-Pennsylvania.html;PITTSBURGH, PA;PITTSBURGH, PA2015
5396;0.0;30.9;80226;276257;1345;4.6;93.9;17.3;3.5;2.3;0.0;25.8 ;http://web.archive.org/web/20120106081343/http://www.city-data.com:80/city/Queen-Creek-Arizona.html;18.12.2016 22:37;189;2012;http://www.city-data.com/city/Queen-Creek-Arizona.html;QUEEN CREEK, AZ;QUEEN CREEK, AZ2012
26361;510.8;29.8;80226;276257;1345;4.6;93.5;17.3;2.7;3.2;0.5;25.8 ;http://web.archive.org/web/20130115150733/http://www.city-data.com:80/city/Queen-Creek-Arizona.html;18.12.2016 22:37;190;2013;http://www.city-data.com/city/Queen-Creek-Arizona.html;QUEEN CREEK, AZ;QUEEN CREEK, AZ2013
27963;547.9;29.8;77033;194787;1470;6.9;92.5;16.1;1.8;3.4;1.2;25.8 ;http://web.archive.org/web/20140102180746/http://www.city-data.com/city/Queen-Creek-Arizona.html;18.12.2016 22:37;191;2014;http://www.city-data.com/city/Queen-Creek-Arizona.html;QUEEN CREEK, AZ;QUEEN CREEK, AZ2014
13429;0.0;38.5;85433;331541;1376;2.6;90.0;9.5;2.0;1.3;0.0;70.8 ;http://web.archive.org/web/20120122003933/http://www.city-data.com:80/city/New-River-Arizona.html;18.12.2016 22:36;161;2012;http://www.city-data.com/city/New-River-Arizona.html;NEW RIVER, AZ;NEW RIVER, AZ2012
14952;39.2;45.0;85433;331541;1376;2.6;89.6;6.6;0.9;0.5;0.4;70.8 ;http://web.archive.org/web/20130128230017/http://www.city-data.com/city/New-River-Arizona.html;18.12.2016 22:36;162;2013;http://www.city-data.com/city/New-River-Arizona.html;NEW RIVER, AZ;NEW RIVER, AZ2013
14952;39.2;45.0;87722;261434;1205;7.2;94.5;6.9;1.5;0.6;0.4;70.8 ;http://web.archive.org/web/20131226105928/http://www.city-data.com/city/New-River-Arizona.html;18.12.2016 22:36;163;2014;http://www.city-data.com/city/New-River-Arizona.html;NEW RIVER, AZ;NEW RIVER, AZ2014
14952;39.2;45.0;81536;260194;1301;2.6;94.6;6.7;1.4;0.5;0.3;70.8 ;http://web.archive.org/web/20150213011703/http://www.city-data.com:80/city/New-River-Arizona.html;18.12.2016 22:36;164;2015;http://www.city-data.com/city/New-River-Arizona.html;NEW RIVER, AZ;NEW RIVER, AZ2015
224387;94.3;28.8;55682;171100;1155;7.8;95.5;44.4;4.8;16.1;0.0;78.5 ;http://web.archive.org/web/20111221153333/http://www.city-data.com:80/city/North-Las-Vegas-Nevada.html;18.12.2016 22:36;165;2012;http://www.city-data.com/city/North-Las-Vegas-Nevada.html;NORTH LAS VEGAS, NV;NORTH LAS VEGAS, NV2012
217236;88.1;30.6;55682;171100;1155;7.8;95.4;38.8;6.0;19.2;0.4;78.5 ;http://web.archive.org/web/20130127165131/http://www.city-data.com/city/North-Las-Vegas-Nevada.html;18.12.2016 22:36;166;2013;http://www.city-data.com/city/North-Las-Vegas-Nevada.html;NORTH LAS VEGAS, NV;NORTH LAS VEGAS, NV2013
223491;93.5;30.6;50006;124200;1052;13.6;94.6;42.6;3.5;17.3;0.04;78.5 ;http://web.archive.org/web/20131119095700/http://www.city-data.com:80/city/North-Las-Vegas-Nevada.html;18.12.2016 22:36;167;2014;http://www.city-data.com/city/North-Las-Vegas-Nevada.html;NORTH LAS VEGAS, NV;NORTH LAS VEGAS, NV2014
223491;93.5;30.4;49586;120800;1132;10.6;94.9;37.9;6.0;20.3;0.6;78.5 ;http://web.archive.org/web/20141224061323/http://www.city-data.com:80/city/North-Las-Vegas-Nevada.html;18.12.2016 22:36;168;2015;http://www.city-data.com/city/North-Las-Vegas-Nevada.html;NORTH LAS VEGAS, NV;NORTH LAS VEGAS, NV2015
9498;26.4;34.2;66314;229541;;2.0;97.4;0.7;0.7;0.6;0.0;3.07 ;http://web.archive.org/web/20101224225923/http://www.city-data.com:80/city/Oregon-Wisconsin.html;18.12.2016 22:36;169;2012;http://www.city-data.com/city/Oregon-Wisconsin.html;OREGON, WI;OREGON, WI2012
9252;23.1;37.0;76215;220730;840;2.0;97.7;2.2;0.8;1.1;0.2;3.07 ;http://web.archive.org/web/20130203065039/http://www.city-data.com/city/Oregon-Wisconsin.html;18.12.2016 22:36;170;2013;http://www.city-data.com/city/Oregon-Wisconsin.html;OREGON, WI;OREGON, WI2013
20253;-9.8;45.8;47577;89375;649;6.7;94.0;0.9;0.2;10.2;0.2;14.2 ;http://web.archive.org/web/20140829091759/http://www.city-data.com/city/West-Mifflin-Pennsylvania.html;18.12.2016 22:40;262;2015;http://www.city-data.com/city/West-Mifflin-Pennsylvania.html;WEST MIFFLIN, PA;WEST MIFFLIN, PA2015
27963;547.9;29.8;83336;200021;1453;5.0;92.4;15.7;1.5;2.8;1.3;25.8 ;http://web.archive.org/web/20150113041107/http://www.city-data.com:80/city/Queen-Creek-Arizona.html;18.12.2016 22:37;192;2015;http://www.city-data.com/city/Queen-Creek-Arizona.html;QUEEN CREEK, AZ;QUEEN CREEK, AZ2015
1774;0.0;68.7;73875;486088;;3.6;92.8;0.0;0.4;1.6;0.0;5.42 ;http://web.archive.org/web/20110906015326/http://www.city-data.com:80/city/Rio-Verde-Arizona.html;18.12.2016 22:37;193;2012;http://www.city-data.com/city/Rio-Verde-Arizona.html;RIO VERDE, AZ;RIO VERDE, AZ2012
1811;27.6;70.4;73875;486088;;3.6;92.4;0.4;0.4;0.2;0.06;5.42 ;http://web.archive.org/web/20130125072025/http://www.city-data.com/city/Rio-Verde-Arizona.html;18.12.2016 22:37;194;2013;http://www.city-data.com/city/Rio-Verde-Arizona.html;RIO VERDE, AZ;RIO VERDE, AZ2013
1811;27.6;70.4;99806;382539;;18.8;99.9;0.4;0.4;0.2;0.06;5.42 ;http://web.archive.org/web/20140809123028/http://www.city-data.com/city/Rio-Verde-Arizona.html;18.12.2016 22:37;195;2014;http://www.city-data.com/city/Rio-Verde-Arizona.html;RIO VERDE, AZ;RIO VERDE, AZ2014
1811;27.6;70.4;99806;382539;;3.6;99.8;0.4;0.4;0.2;0.06;5.42 ;http://web.archive.org/web/20150311204617/http://www.city-data.com:80/city/Rio-Verde-Arizona.html;18.12.2016 22:37;196;2015;http://www.city-data.com/city/Rio-Verde-Arizona.html;RIO VERDE, AZ;RIO VERDE, AZ2015
81321;0.0;28.2;49086;112366;1158;8.8;93.5;23.4;2.0;4.7;0.9;#WERT!;http://web.archive.org/web/20140808234046/http://www.city-data.com:80/city/San-Tan-Valley-Arizona.html;18.12.2016 22:37;197;2014;http://www.city-data.com/city/San-Tan-Valley-Arizona.html;SAN TAN VALLEY, AZ;SAN TAN VALLEY, AZ2014
81321;0.0;28.2;49086;112366;1158;8.1;93.5;22.4;2.0;5.0;3.2;#WERT!;http://web.archive.org/web/20150220004822/http://www.city-data.com:80/city/San-Tan-Valley-Arizona.html;18.12.2016 22:38;198;2015;http://www.city-data.com/city/San-Tan-Valley-Arizona.html;SAN TAN VALLEY, AZ;SAN TAN VALLEY, AZ2015
5668;26.6;33.6;58150;202896;783;1.2;89.1;2.6;6.7;11.5;0.0;1.54 ;http://web.archive.org/web/20120107044424/http://www.city-data.com:80/city/Savoy-Illinois.html;18.12.2016 22:38;199;2012;http://www.city-data.com/city/Savoy-Illinois.html;SAVOY, IL;SAVOY, IL2012
7292;62.9;32.5;58150;202896;783;1.2;89.1;2.7;12.6;6.6;0.05;1.54 ;http://web.archive.org/web/20130125103438/http://www.city-data.com/city/Savoy-Illinois.html;18.12.2016 22:38;200;2013;http://www.city-data.com/city/Savoy-Illinois.html;SAVOY, IL;SAVOY, IL2013
7292;62.9;32.5;58150;202896;783;1.2;89.1;2.7;12.6;6.6;0.05;1.54 ;http://web.archive.org/web/20130512120124/http://www.city-data.com/city/Savoy-Illinois.html;18.12.2016 22:38;201;2014;http://www.city-data.com/city/Savoy-Illinois.html;SAVOY, IL;SAVOY, IL2014
7494;67.4;32.5;55369;200340;878;4.0;89.3;6.4;13.6;6.3;0.3;1.54 ;http://web.archive.org/web/20150110062204/http://www.city-data.com:80/city/Savoy-Illinois.html;18.12.2016 22:38;202;2015;http://www.city-data.com/city/Savoy-Illinois.html;SAVOY, IL;SAVOY, IL2015
238715;17.8;41.0;71658;419500;1033;3.5;96.3;11.7;3.1;2.2;0.0;184.2;http://web.archive.org/web/20111227125711/http://www.city-data.com:80/city/Scottsdale-Arizona.html;18.12.2016 22:38;203;2012;http://www.city-data.com/city/Scottsdale-Arizona.html;SCOTTSDALE, AZ;SCOTTSDALE, AZ2012
217385;7.2;45.4;71658;419500;1033;3.5;95.9;8.8;3.3;1.6;0.7;184.2;http://web.archive.org/web/20121219012526/http://www.city-data.com:80/city/Scottsdale-Arizona.html;18.12.2016 22:38;204;2013;http://www.city-data.com/city/Scottsdale-Arizona.html;SCOTTSDALE, AZ;SCOTTSDALE, AZ2013
223514;10.3;45.4;65020;341600;1035;6.7;95.8;8.8;3.3;1.6;0.7;184.2;http://web.archive.org/web/20131218021654/http://www.city-data.com:80/city/Scottsdale-Arizona.html;18.12.2016 22:38;205;2014;http://www.city-data.com/city/Scottsdale-Arizona.html;SCOTTSDALE, AZ;SCOTTSDALE, AZ2014
223514;10.3;45.1;72102;355200;1129;7.0;95.8;8.8;3.3;1.6;0.7;184.2;http://web.archive.org/web/20150101044725/http://www.city-data.com:80/city/Scottsdale-Arizona.html;18.12.2016 22:38;206;2015;http://www.city-data.com/city/Scottsdale-Arizona.html;SCOTTSDALE, AZ;SCOTTSDALE, AZ2015
11598;13.8;50.5;52141;494097;1146;4.8;101.8;13.1;0.0;1.9;0.0;18.6 ;http://web.archive.org/web/20111227181721/http://www.city-data.com:80/city/Sedona-Arizona.html;18.12.2016 22:38;207;2012;http://www.city-data.com/city/Sedona-Arizona.html;SEDONA, AZ;SEDONA, AZ2012
10031;-1.6;56.1;52141;494097;1146;4.8;101.7;14.3;1.8;0.5;0.5;18.6 ;http://web.archive.org/web/20130116051328/http://www.city-data.com:80/city/Sedona-Arizona.html;18.12.2016 22:38;208;2013;http://www.city-data.com/city/Sedona-Arizona.html;SEDONA, AZ;SEDONA, AZ2013
10037;-1.5;56.1;47396;374369;1088;5.8;101.7;8.7;0.4;1.0;0.4;18.6 ;http://web.archive.org/web/20140109033438/http://www.city-data.com:80/city/Sedona-Arizona.html;18.12.2016 22:38;209;2014;http://www.city-data.com/city/Sedona-Arizona.html;SEDONA, AZ;SEDONA, AZ2014
10037;-1.5;56.1;48578;379452;1051;6.0;102.5;9.6;0.8;0.5;1.5;18.6 ;http://web.archive.org/web/20141223180032/http://www.city-data.com:80/city/Sedona-Arizona.html;18.12.2016 22:38;210;2015;http://www.city-data.com/city/Sedona-Arizona.html;SEDONA, AZ;SEDONA, AZ2015
13180;6.7;35.2;54848;193164;761;3.5;97.7;2.0;1.0;0.4;0.0;3.96 ;http://web.archive.org/web/20111228213425/http://www.city-data.com:80/city/Stoughton-Wisconsin.html;18.12.2016 22:38;211;2012;http://www.city-data.com/city/Stoughton-Wisconsin.html;STOUGHTON, WI;STOUGHTON, WI2012
12640;2.3;39.2;54848;193164;761;3.5;97.8;1.8;1.3;1.4;0.2;3.96 ;http://web.archive.org/web/20130203065334/http://www.city-data.com/city/Stoughton-Wisconsin.html;18.12.2016 22:38;212;2013;http://www.city-data.com/city/Stoughton-Wisconsin.html;STOUGHTON, WI;STOUGHTON, WI2013
12927;4.6;39.2;58681;190620;818;4.2;98.1;1.8;1.3;1.4;0.2;3.96 ;http://web.archive.org/web/20131204191100/http://www.city-data.com/city/Stoughton-Wisconsin.html;18.12.2016 22:38;213;2014;http://www.city-data.com/city/Stoughton-Wisconsin.html;STOUGHTON, WI;STOUGHTON, WI2014
12927;4.6;39.2;58286;189799;818;4.6;98.0;1.8;1.3;1.4;0.2;3.96 ;http://web.archive.org/web/20141223173014/http://www.city-data.com:80/city/Stoughton-Wisconsin.html;18.12.2016 22:38;214;2015;http://www.city-data.com/city/Stoughton-Wisconsin.html;STOUGHTON, WI;STOUGHTON, WI2015
32940;0.0;73.2;43830;181267;1071;7.4;97.0;0.4;0.5;0.6;0.0;11.1 ;http://web.archive.org/web/20111222173859/http://www.city-data.com:80/city/Sun-City-West-Arizona.html;18.12.2016 22:38;215;2012;http://www.city-data.com/city/Sun-City-West-Arizona.html;SUN CITY WEST, AZ;SUN CITY WEST, AZ2012
24535;-6.9;75.6;43830;181267;1071;7.4;96.6;1.2;0.6;0.8;0.1;11.1 ;http://web.archive.org/web/20130128204415/http://www.city-data.com/city/Sun-City-West-Arizona.html;18.12.2016 22:38;216;2013;http://www.city-data.com/city/Sun-City-West-Arizona.html;SUN CITY WEST, AZ;SUN CITY WEST, AZ2013
24535;-6.9;75.6;42524;148907;1029;10.0;96.2;0.5;1.6;0.3;0.2;11.1 ;http://web.archive.org/web/20131119085650/http://www.city-data.com:80/city/Sun-City-West-Arizona.html;18.12.2016 22:38;217;2014;http://www.city-data.com/city/Sun-City-West-Arizona.html;SUN CITY WEST, AZ;SUN CITY WEST, AZ2014
24535;-6.9;75.6;43748;157183;1153;7.4;96.3;0.7;1.6;0.4;0.1;11.1 ;http://web.archive.org/web/20150219054618/http://www.city-data.com:80/city/Sun-City-West-Arizona.html;18.12.2016 22:38;218;2015;http://www.city-data.com/city/Sun-City-West-Arizona.html;SUN CITY WEST, AZ;SUN CITY WEST, AZ2015
47901;0.0;75.0;33632;129501;1050;7.0;94.7;2.1;0.7;1.0;0.0;14.5 ;http://web.archive.org/web/20111222180925/http://www.city-data.com:80/city/Sun-City-Arizona.html;18.12.2016 22:38;219;2012;http://www.city-data.com/city/Sun-City-Arizona.html;SUN CITY, AZ;SUN CITY, AZ2012
37499;-2.1;73.4;33632;129501;1050;7.0;94.3;2.8;0.6;1.4;0.2;14.5 ;http://web.archive.org/web/20130106153011/http://www.city-data.com:80/city/Sun-City-Arizona.html;18.12.2016 22:38;220;2013;http://www.city-data.com/city/Sun-City-Arizona.html;SUN CITY, AZ;SUN CITY, AZ2013
37499;-2.1;73.4;33279;104647;1000;12.7;94.0;3.2;0.6;1.7;0.3;14.5 ;http://web.archive.org/web/20131116025000/http://www.city-data.com:80/city/Sun-City-Arizona.html;18.12.2016 22:38;221;2014;http://www.city-data.com/city/Sun-City-Arizona.html;SUN CITY, AZ;SUN CITY, AZ2014
37499;-2.1;73.4;34899;105678;1011;14.5;94.0;2.9;0.5;1.9;0.4;14.5 ;http://web.archive.org/web/20150103082621/http://www.city-data.com:80/city/Sun-City-Arizona.html;18.12.2016 22:39;222;2015;http://www.city-data.com/city/Sun-City-Arizona.html;SUN CITY, AZ;SUN CITY, AZ2015
29021;42.5;32.9;60455;215847;826;3.9;98.0;4.3;2.1;3.7;0.0;9.55 ;http://web.archive.org/web/20120103083053/http://www.city-data.com:80/city/Sun-Prairie-Wisconsin.html;18.12.2016 22:39;223;2012;http://www.city-data.com/city/Sun-Prairie-Wisconsin.html;SUN PRAIRIE, WI;SUN PRAIRIE, WI2012
29364;44.2;33.3;60455;215847;826;3.9;98.1;4.3;3.7;6.1;0.2;9.55 ;http://web.archive.org/web/20121202035935/http://www.city-data.com/city/Sun-Prairie-Wisconsin.html;18.12.2016 22:39;224;2013;http://www.city-data.com/city/Sun-Prairie-Wisconsin.html;SUN PRAIRIE, WI;SUN PRAIRIE, WI2013
30403;49.3;33.3;64713;208368;915;5.1;98.4;4.2;2.3;5.1;0.07;9.55 ;http://web.archive.org/web/20131203104009/http://www.city-data.com/city/Sun-Prairie-Wisconsin.html;18.12.2016 22:39;225;2014;http://www.city-data.com/city/Sun-Prairie-Wisconsin.html;SUN PRAIRIE, WI;SUN PRAIRIE, WI2014
30403;49.3;33.3;63690;203800;933;3.9;98.3;4.5;3.3;5.3;0.2;9.55 ;http://web.archive.org/web/20150215081705/http://www.city-data.com:80/city/Sun-Prairie-Wisconsin.html;18.12.2016 22:39;226;2015;http://www.city-data.com/city/Sun-Prairie-Wisconsin.html;SUN PRAIRIE, WI;SUN PRAIRIE, WI2015
94899;207.6;46.1;57153;203300;1232;5.7;94.6;19.3;2.2;3.5;0.0;69.5 ;http://web.archive.org/web/20111216202101/http://www.city-data.com:80/city/Surprise-Arizona.html;18.12.2016 22:39;227;2012;http://www.city-data.com/city/Surprise-Arizona.html;SURPRISE, AZ;SURPRISE, AZ2012
117517;281.0;36.8;57153;203300;1232;5.7;94.3;18.5;2.5;4.8;0.5;69.5 ;http://web.archive.org/web/20121218022838/http://www.city-data.com:80/city/Surprise-Arizona.html;18.12.2016 22:39;228;2013;http://www.city-data.com/city/Surprise-Arizona.html;SURPRISE, AZ;SURPRISE, AZ2013
121287;293.2;36.8;51892;160400;1097;5.7;92.7;18.5;2.5;4.8;0.5;69.5 ;http://web.archive.org/web/20131217112425/http://www.city-data.com:80/city/Surprise-Arizona.html;18.12.2016 22:39;229;2014;http://www.city-data.com/city/Surprise-Arizona.html;SURPRISE, AZ;SURPRISE, AZ2014
121287;293.2;36.0;59553;160400;1189;9.1;92.8;17.8;2.1;8.4;0.7;69.5 ;http://web.archive.org/web/20150103191704/http://www.city-data.com:80/city/Surprise-Arizona.html;18.12.2016 22:39;230;2015;http://www.city-data.com/city/Surprise-Arizona.html;SURPRISE, AZ;SURPRISE, AZ2015
174255;9.9;28.8;48585;227800;888;4.3;94.0;24.3;6.3;3.0;0.0;40.1 ;http://web.archive.org/web/20111227153155/http://www.city-data.com:80/city/Tempe-Arizona.html;18.12.2016 22:39;231;2012;http://www.city-data.com/city/Tempe-Arizona.html;TEMPE, AZ;TEMPE, AZ2012
161719;2.0;28.1;48585;227800;888;4.3;93.6;21.1;5.6;5.6;2.4;40.1 ;http://web.archive.org/web/20130106153016/http://www.city-data.com:80/city/Tempe-Arizona.html;18.12.2016 22:39;232;2013;http://www.city-data.com/city/Tempe-Arizona.html;TEMPE, AZ;TEMPE, AZ2013
166842;5.2;28.1;45518;184500;884;11.5;93.4;20.7;7.2;6.1;1.0;40.1 ;http://web.archive.org/web/20140101065716/http://www.city-data.com:80/city/Tempe-Arizona.html;18.12.2016 22:39;233;2014;http://www.city-data.com/city/Tempe-Arizona.html;TEMPE, AZ;TEMPE, AZ2014
166842;5.2;28.1;45009;174200;899;8.3;93.1;24.2;7.2;3.8;2.3;40.1 ;http://web.archive.org/web/20141231084202/http://www.city-data.com:80/city/Tempe-Arizona.html;18.12.2016 22:39;234;2015;http://www.city-data.com/city/Tempe-Arizona.html;TEMPE, AZ;TEMPE, AZ2015
7302;46.8;29.4;30846;127909;801;4.3;91.2;83.8;1.2;5.8;0.0;5.56 ;http://web.archive.org/web/20111211170500/http://www.city-data.com:80/city/Tolleson-Arizona.html;18.12.2016 22:39;235;2012;http://www.city-data.com/city/Tolleson-Arizona.html;TOLLESON, AZ;TOLLESON, AZ2012
6558;31.8;26.6;30846;127909;801;4.3;90.9;80.1;0.8;5.8;1.0;5.56 ;http://web.archive.org/web/20130128204257/http://www.city-data.com/city/Tolleson-Arizona.html;18.12.2016 22:39;236;2013;http://www.city-data.com/city/Tolleson-Arizona.html;TOLLESON, AZ;TOLLESON, AZ2013
6558;31.8;26.6;30846;127909;801;4.3;90.9;80.1;0.8;5.8;1.0;5.56 ;http://web.archive.org/web/20130511163751/http://www.city-data.com/city/Tolleson-Arizona.html;18.12.2016 22:39;237;2014;http://www.city-data.com/city/Tolleson-Arizona.html;TOLLESON, AZ;TOLLESON, AZ2014
6756;35.8;26.6;35910;89759;858;4.3;90.5;83.1;1.3;4.5;0.8;5.56 ;http://web.archive.org/web/20150219054622/http://www.city-data.com:80/city/Tolleson-Arizona.html;18.12.2016 22:39;238;2015;http://www.city-data.com/city/Tolleson-Arizona.html;TOLLESON, AZ;TOLLESON, AZ2015
548555;12.7;32.1;35565;162400;679;5.9;89.9;41.5;2.4;4.4;0.0;194.7;http://web.archive.org/web/20111229062921/http://www.city-data.com:80/city/Tucson-Arizona.html;18.12.2016 22:39;239;2012;http://www.city-data.com/city/Tucson-Arizona.html;TUCSON, AZ;TUCSON, AZ2012
520116;6.9;33.0;35565;162400;679;5.9;89.8;41.6;2.7;4.5;1.7;194.7;http://web.archive.org/web/20130105231342/http://www.city-data.com:80/city/Tucson-Arizona.html;18.12.2016 22:39;240;2013;http://www.city-data.com/city/Tucson-Arizona.html;TUCSON, AZ;TUCSON, AZ2013
524295;7.7;33.0;35362;138300;701;13.9;89.6;42.2;2.6;4.5;1.4;194.7;http://web.archive.org/web/20131229211252/http://www.city-data.com:80/city/Tucson-Arizona.html;18.12.2016 22:39;241;2014;http://www.city-data.com/city/Tucson-Arizona.html;TUCSON, AZ;TUCSON, AZ2014
524295;7.7;33.2;35354;123400;719;11.4;89.0;43.6;2.2;4.8;1.4;194.7;http://web.archive.org/web/20150101035255/http://www.city-data.com:80/city/Tucson-Arizona.html;18.12.2016 22:39;242;2015;http://www.city-data.com/city/Tucson-Arizona.html;TUCSON, AZ;TUCSON, AZ2015
39985;9.9;24.6;32236;147079;703;6.5;88.7;4.5;15.2;15.7;0.0;10.5 ;http://web.archive.org/web/20120102050348/http://www.city-data.com:80/city/Urbana-Illinois.html;18.12.2016 22:40;243;2012;http://www.city-data.com/city/Urbana-Illinois.html;URBANA, IL;URBANA, IL2012
41460;13.9;24.8;32236;147079;703;6.5;88.8;5.2;17.7;16.1;0.1;10.5 ;http://web.archive.org/web/20130124211050/http://www.city-data.com/city/Urbana-Illinois.html;18.12.2016 22:40;244;2013;http://www.city-data.com/city/Urbana-Illinois.html;URBANA, IL;URBANA, IL2013
41581;14.2;24.8;29214;151321;754;8.8;89.7;5.8;17.2;16.0;0.2;10.5 ;http://web.archive.org/web/20130907223441/http://www.city-data.com/city/Urbana-Illinois.html;18.12.2016 22:40;245;2014;http://www.city-data.com/city/Urbana-Illinois.html;URBANA, IL;URBANA, IL2014
41581;14.2;24.8;31178;147449;763;8.1;89.0;5.2;16.2;17.4;0.2;10.5 ;http://web.archive.org/web/20150110162055/http://www.city-data.com:80/city/Urbana-Illinois.html;18.12.2016 22:40;246;2015;http://www.city-data.com/city/Urbana-Illinois.html;URBANA, IL;URBANA, IL2015
;0.0;39.4;;;;9.8;;0.3;0.4;3.1;0.0;0.53 ;http://web.archive.org/web/20101018130147/http://www.city-data.com:80/city/Verona-Pennsylvania.html;18.12.2016 22:40;247;2012;http://www.city-data.com/city/Verona-Pennsylvania.html;VERONA, PA;VERONA, PA2012
2475;-20.8;40.1;38253;85128;621;9.8;94.7;2.2;0.2;7.4;0.04;0.53 ;http://web.archive.org/web/20130512035156/http://www.city-data.com/city/Verona-Pennsylvania.html;18.12.2016 22:40;248;2013;http://www.city-data.com/city/Verona-Pennsylvania.html;VERONA, PA;VERONA, PA2013
2475;-20.8;40.1;38253;85128;621;9.8;94.7;2.2;0.2;7.4;0.04;0.53 ;http://web.archive.org/web/20130525145348/http://www.city-data.com:80/city/Verona-Pennsylvania.html;18.12.2016 22:40;249;2014;http://www.city-data.com/city/Verona-Pennsylvania.html;VERONA, PA;VERONA, PA2014
2466;-21.1;40.1;34422;80861;646;9.8;94.6;2.2;0.2;7.4;0.04;0.53 ;http://web.archive.org/web/20150227162358/http://www.city-data.com:80/city/Verona-Pennsylvania.html;18.12.2016 22:40;250;2015;http://www.city-data.com/city/Verona-Pennsylvania.html;VERONA, PA;VERONA, PA2015
11592;64.4;36.5;75473;248499;862;3.2;97.4;4.4;3.3;0.3;0.0;3.27 ;http://web.archive.org/web/20120117005617/http://www.city-data.com:80/city/Verona-Wisconsin.html;18.12.2016 22:40;251;2012;http://www.city-data.com/city/Verona-Wisconsin.html;VERONA, WI;VERONA, WI2012
10619;50.6;37.4;75473;248499;862;3.2;97.5;2.4;2.5;1.3;0.2;3.27 ;http://web.archive.org/web/20130116044235/http://www.city-data.com:80/city/Verona-Wisconsin.html;18.12.2016 22:40;252;2013;http://www.city-data.com/city/Verona-Wisconsin.html;VERONA, WI;VERONA, WI2013
11212;59.0;37.4;79931;238961;932;3.6;97.8;2.4;2.5;1.3;0.2;3.27 ;http://web.archive.org/web/20131217123602/http://www.city-data.com:80/city/Verona-Wisconsin.html;18.12.2016 22:40;253;2014;http://www.city-data.com/city/Verona-Wisconsin.html;VERONA, WI;VERONA, WI2014
11212;59.0;37.4;79673;234526;983;3.4;97.7;2.4;2.5;1.3;0.2;3.27 ;http://web.archive.org/web/20141223094311/http://www.city-data.com:80/city/Verona-Wisconsin.html;18.12.2016 22:40;254;2015;http://www.city-data.com/city/Verona-Wisconsin.html;VERONA, WI;VERONA, WI2015
11520;28.1;34.6;74176;286440;819;1.1;98.6;0.7;2.1;0.6;0.4;5.96 ;http://web.archive.org/web/20120331213402/http://www.city-data.com:80/city/Waunakee-Wisconsin.html;18.12.2016 22:40;255;2012;http://www.city-data.com/city/Waunakee-Wisconsin.html;WAUNAKEE, WI;WAUNAKEE, WI2012
12125;34.8;37.9;74176;286440;819;1.1;98.7;2.2;1.2;1.0;0.2;5.96 ;http://web.archive.org/web/20130203064823/http://www.city-data.com/city/Waunakee-Wisconsin.html;18.12.2016 22:40;256;2013;http://www.city-data.com/city/Waunakee-Wisconsin.html;WAUNAKEE, WI;WAUNAKEE, WI2013
12657;40.7;37.9;80020;303677;880;3.1;98.8;2.8;1.2;0.5;0.2;5.96 ;http://web.archive.org/web/20131203003634/http://www.city-data.com/city/Waunakee-Wisconsin.html;18.12.2016 22:40;257;2014;http://www.city-data.com/city/Waunakee-Wisconsin.html;WAUNAKEE, WI;WAUNAKEE, WI2014
12657;40.7;37.9;81878;301520;934;1.1;98.4;4.1;1.5;0.5;0.2;5.96 ;http://web.archive.org/web/20150208223836/http://www.city-data.com:80/city/Waunakee-Wisconsin.html;18.12.2016 22:40;258;2015;http://www.city-data.com/city/Waunakee-Wisconsin.html;WAUNAKEE, WI;WAUNAKEE, WI2015
20418;-9.1;42.2;43566;92807;552;6.7;93.6;0.4;0.04;8.5;0.0;14.2 ;http://web.archive.org/web/20120104182837/http://www.city-data.com:80/city/West-Mifflin-Pennsylvania.html;18.12.2016 22:40;259;2012;http://www.city-data.com/city/West-Mifflin-Pennsylvania.html;WEST MIFFLIN, PA;WEST MIFFLIN, PA2012
20318;-9.6;44.8;43566;92807;552;6.7;93.6;1.2;0.4;10.8;0.07;14.2 ;http://web.archive.org/web/20130128043139/http://www.city-data.com/city/West-Mifflin-Pennsylvania.html;18.12.2016 22:40;260;2013;http://www.city-data.com/city/West-Mifflin-Pennsylvania.html;WEST MIFFLIN, PA;WEST MIFFLIN, PA2013
20318;-9.6;44.8;43566;92807;552;6.7;93.6;1.2;0.4;10.8;0.07;14.2 ;http://web.archive.org/web/20130511093005/http://www.city-data.com/city/West-Mifflin-Pennsylvania.html;18.12.2016 22:40;261;2014;http://www.city-data.com/city/West-Mifflin-Pennsylvania.html;WEST MIFFLIN, PA;WEST MIFFLIN, PA2014
6354;0.0;48.4;40928;204303;688;2.1;93.8;11.3;1.1;0.7;0.0;11.5 ;http://web.archive.org/web/20120104012532/http://www.city-data.com:80/city/Wickenburg-Arizona.html;18.12.2016 22:41;263;2012;http://www.city-data.com/city/Wickenburg-Arizona.html;WICKENBURG, AZ;WICKENBURG, AZ2012
6376;25.5;52.7;40928;204303;688;2.1;93.4;13.4;0.5;0.2;1.2;11.5 ;http://web.archive.org/web/20130128204234/http://www.city-data.com/city/Wickenburg-Arizona.html;18.12.2016 22:41;264;2013;http://www.city-data.com/city/Wickenburg-Arizona.html;WICKENBURG, AZ;WICKENBURG, AZ2013
6376;25.5;52.7;40928;204303;688;2.1;93.4;13.4;0.5;0.2;1.2;11.5 ;http://web.archive.org/web/20130724091243/http://www.city-data.com:80/city/Wickenburg-Arizona.html;18.12.2016 22:41;265;2014;http://www.city-data.com/city/Wickenburg-Arizona.html;WICKENBURG, AZ;WICKENBURG, AZ2014
6604;29.9;52.7;36459;144265;617;2.1;93.5;13.4;0.5;0.2;1.2;11.5 ;http://web.archive.org/web/20150219054653/http://www.city-data.com:80/city/Wickenburg-Arizona.html;18.12.2016 22:41;266;2015;http://www.city-data.com/city/Wickenburg-Arizona.html;WICKENBURG, AZ;WICKENBURG, AZ2015
2814;0.0;35.8;66994;225511;968;3.7;98.1;0.6;0.3;0.0;0.0;3.17 ;http://web.archive.org/web/20120217145607/http://www.city-data.com:80/city/Windsor-Wisconsin.html;18.12.2016 22:41;267;2012;http://www.city-data.com/city/Windsor-Wisconsin.html;WINDSOR, WI;WINDSOR, WI2012
3573;41.1;38.3;66994;225511;968;3.7;98.1;2.3;2.0;1.7;0.1;3.17 ;http://web.archive.org/web/20130202002848/http://www.city-data.com/city/Windsor-Wisconsin.html;18.12.2016 22:41;268;2013;http://www.city-data.com/city/Windsor-Wisconsin.html;WINDSOR, WI;WINDSOR, WI2013
3573;41.1;38.3;70055;226312;864;6.1;98.7;2.3;2.0;1.7;0.1;3.17 ;http://web.archive.org/web/20131219060943/http://www.city-data.com:80/city/Windsor-Wisconsin.html;18.12.2016 22:41;269;2014;http://www.city-data.com/city/Windsor-Wisconsin.html;WINDSOR, WI;WINDSOR, WI2014
3573;41.1;38.3;72061;222858;879;4.9;98.5;2.3;2.0;1.7;0.1;3.17 ;http://web.archive.org/web/20150111070831/http://www.city-data.com:80/city/Windsor-Wisconsin.html;18.12.2016 22:41;270;2015;http://www.city-data.com/city/Windsor-Wisconsin.html;WINDSOR, WI;WINDSOR, WI2015
763;0.0;31.9;51432;161600;;6.4;84.0;39.2;0.7;0.1;1.7;#WERT!;http://web.archive.org/web/20150623014411/http://www.city-data.com:80/city/Wittmann-Arizona.html;18.12.2016 22:41;271;2015;http://www.city-data.com/city/Wittmann-Arizona.html;WITTMANN, AZ;WITTMANN, AZ2015
4895;62.6;65.3;35279;126988;855;7.5;93.3;34.2;1.9;3.0;0.0;1.31 ;http://web.archive.org/web/20110912221432/http://www.city-data.com:80/city/Youngtown-Arizona.html;18.12.2016 22:41;272;2012;http://www.city-data.com/city/Youngtown-Arizona.html;YOUNGTOWN, AZ;YOUNGTOWN, AZ2012
6168;104.9;36.7;35279;126988;855;7.5;92.9;33.0;2.5;3.7;0.8;1.31 ;http://web.archive.org/web/20130125071355/http://www.city-data.com/city/Youngtown-Arizona.html;18.12.2016 22:41;273;2013;http://www.city-data.com/city/Youngtown-Arizona.html;YOUNGTOWN, AZ;YOUNGTOWN, AZ2013
6290;109.0;36.7;35206;86605;941;7.5;91.8;43.9;1.9;2.1;0.1;1.31 ;http://web.archive.org/web/20140605162119/http://www.city-data.com:80/city/Youngtown-Arizona.html;18.12.2016 22:41;274;2014;http://www.city-data.com/city/Youngtown-Arizona.html;YOUNGTOWN, AZ;YOUNGTOWN, AZ2014
6331;110.3;36.7;34953;91676;960;7.5;91.7;39.9;3.5;2.9;0.2;1.31 ;http://web.archive.org/web/20150217151219/http://www.city-data.com:80/city/Youngtown-Arizona.html;18.12.2016 22:41;275;2015;http://www.city-data.com/city/Youngtown-Arizona.html;YOUNGTOWN, AZ;YOUNGTOWN, AZ2015
